data.mel-adem-53-seriennummer,data.regenerations-cmd-code,data.regenerations-code
mel-adem-53-seriennummer,regenerations-cmd-code,regenerations-code
mel-adem-53-seriennummer,regenerations-cmd-code,regenerations-code
mel-adem-53-seriennummer,,123456-MD-654321
mel-adem-53-seriennummer,,AA95A9-MD-E82B30
mel-adem-53-seriennummer,,A105A9-MD-E8D435
mel-adem-53-seriennummer,,BBC5A9-MD-E8FD16
mel-adem-53-seriennummer,,989B7A-MD-E8F688
202553CMD1001-2,1EDB9A-MC-E810D2,
202453MD1182-1,,AAA1AA-MD-E8A3B1
201953MD1306-2,,A6628B-MD-E82B1F
201953CMD1044-1,B2BCB9-MC-E8E1EE,B2BCB9-MC-E8E1EE
1153MD1249-1,,C341B9-MD-E87338
202353MD1306-2,,22855B-MD-E810E6
202553MD1852-1,,B825A9-MD-E89044
202153MD1194-2,,D7B5A9-MD-E8D3A3
1153MD1153-2,,10F77B-MD-E8990B
202653MD1206-1,,1C71AC-MD-E8921F
202453MD1221-1,,58FE0B-MD-E84889
202153MD1712-2,,E1528B-MD-E8D787
202553MD1149-2,,21528B-MD-E880D1
201553MD1653-3,,60528B-MD-E82AE2
202453MD1627-1,,83428B-MD-E8502F
202553MD1587-1,,26EF5B-MD-E8D415
202353MD1613-2,,EF15A9-MD-E866F1
202153MD1824-2,,0C45A9-MD-E834FE
201953MD1522-2,,CCDE0B-MD-E8EB70
202453MD1710-1,,EEC5A9-MD-E8A9F8
1453MD1720-2,,CFCE0B-MD-E88421
201653MD1553-2,,D9AE0B-MD-E845F8
201953MD1755-1,,96428B-MD-E8130C
202453MD1020-2,,C3EE0B-MD-E853B5
1453MD1200-2,,4E8BBC-MD-E8649F 
1453MD1200-2,,4E8BBC-MD-E8649F 
202453MD1273-2,,EB94A9-MD-E814FF
202553CMD1119-2,6D29EC-MC-E8B8B1,6D29EC-MC-E8B8B1
202253MD1764-1,,OA8EOB-MD-E88E77
202553CMD1036-1,BA9CB9-MC-E86B5F,
201853CMD1010-2,CABCB9-MC-E8D6EA,CABCB9-MC-E8D6EA
202553CMD1044-2,48780B-MC-E86A9A,48780B-MC-E86A9A
202353MD1443-2,,6B3E0B-MD-E87321
202353MD1443-1,,9E2E0B-MD-E87E0D
201653MD1373-2,,1E85A9-MD-E8FE76
202453MD1458-2,,15A4A9-MD-E833B5
202553MD1754-2,,42187B-MD-E8977D
202253MD1666-2,,MD53
202253MD1898-1,,23B5A9-MD-E88A77
202453MD1142-1,,907E0B-MD-E8E887
202153CMD1146-1,C6780B-MC-E869BC,
1053MD1034-2,,9EE6DC-MD-E867D4
202453CMD1026-1,622220-MC-E88992,
202353MD1420-2,,2465A9-MD-E837DA
202153MD1376-2,,C29E0B-MD-E86CB6
202453MD1693-1,,C855A9-MD-E82E27
201753MD1498-1,,30B4A9-MD-E8016C
1353MD1250-1,,58B04F-MD-E815DF
202453CMD1095-1,02F64F-MC-E852DE,
202453MD1852-2,,81BE0B-MD-E85599
202453MD1449-1,,E6414F-MD-E8BFCB
202153MD1326-2,,52DF5B-MD-E8A81A
202153CMD1106-2,DC4CB9-MC-E8918C,DC4CB9-MC-E8918C
201753MD1636-2,,D8BEOB-MD-E8CCFF
123453MD9999-6,,123456-MD-123456 
202553MD1759-2,,57A5A9-MD-E864BF
202053MD1455-2,,7B8E0B-MD-E86CCB
202153MD1100-1,,22C5A9-MD-E85590
202353MD1224-2,,5C6E0B-MD-E81DF4
201553MD1654-1,,9BEE0B-MD-E834F8
202153MD1113-2,,995E6F-MD-E83CE4
201853MD1461-2,,29087B-MD-E8A5F1
201653MD1931-2,,B5E42F-MD-E8E75F
201653MD1887-1,,2D4E0B-MD-E8D318
202353MD1737-2,,6AA4A9-MD-E806B0
201853MD1140-1,,4E2E0B-MD-E84E40
202253MD1665-2,,57FA7F-MD-E82D45
202553MD0001-5,,123456-MD-654321
202553MD0001-5,,123456-MD-654321
202553MD0001-5,,123456-MD-654321
202253MD1329-1,,61FE0B-MD-E80E94
202553MD1919-2,,B6E5A9-MD-E8ED95
1353MD1192-1,,F11E0B-MD-E8BF13
201853MD1323-1,,DECE0B-MD-E889EF
201853MD1634-1,,8C75A9-MD-E89431
202453MD1012-2,,B5309C-MD-E805EE
202253MD1458-1,,59328B-MD-E8A41B
201853MD1132-1,,8125A9-MD-E8D2C9
201753CMD1067-1,30680B-MC-E8DACA,
202253MD1644-1,,5E0E0B-MD-E8D93C
202553MD1240-1,,1AC4A9-MD-E89CD9
1453MD1328-1,,2D6E0B-MD-E8F4A5
201653MD1362-2,,9F087B-MD-E8EBAF
201553MD1524-1,,DEAE0B-MD-E8A12E
201653MD1194-2,,10B03F-MD-E85FDC
202353MD1097-1,,D2A4A9-MD-E840E7
202253CMD1117-3,164C04-MC-E8EBC4,
1453MD1628-1,,86228B-MD-E8AF26
1453MD1366-1,,3F35A9-MD-E87E9D
202353MD1112-2,,09A5A9-MD-E8F248
202453MD1490-2,,3035A9-MD-E8A834
1453MD1734-2,,7A3E0B-MD-E873D6
1453MD1745-2,,724E0B-MD-E85725
202353CMD1123-1,E6680B-MC-E881B1,
202353MD1846-1,,E0228B-MD-E8FC0E
1353MD1280-2,,7745A9-MD-E8E9FF
201853MD1503-2,,7555A9-MD-E80915
202353MD1074-2,,442E0B-MD-E8F04F
202053MD1112-2,,0D5E0B-MD-E877BC
201653MD1616-2,,B90E0B-MD-E8D29E
201953MD1113-3,,28B5A9-MD-E81ED4
202453MD1128-2,,CC1E0B-MD-E81F71
202553MD1930-1,,5C95A9-MD-E87963
201653MD1817-1,,3AD4A9-MD-E8CED9
202153CMD1078-2,EA0CB9-MC-E82771,
201753MD1299-2,,816E0B-MD-E811AD
202553MD1856-2,,6BDF5B-MD-E823A6
202553MD1786-2,,65D32F-MD-E8F81A
202153MD1691-1,,6FE5A9-MD-E89F2F   
1453MD1049-2,,3A5EOB-MD-E88AA2
1253MD1101-2,,DD75A9-MD-E8323D
201653MD1542-2,,9F128B-MD-E86E49
201953MD1629-1,,F39E0B-MD-E8B74D
201653MD1258-1,,F7D4A9-MD-E8A339
201553MD1243-1,,7DE32F-MD-E81B9C
202053MD1170-1,,BADE0B-MD-E8DC9B
202253CMD1092-2,0D580B-MC-E8F921,
201953MD1069-2,,09D4A9-MD-E8F6AA
202553MD1079-1,,E955A9-MD-E809F0
201553MD1767-2,,C765A9-MD-E87F69
202453MD1769-1,,018E0B-MD-E85EC6
1153MD1217-1,,1E9E0B-MD-E8926A
202453MD1544-1,,625E0B-MD-E88BDB
201553MD1586-2,,A345A9-MD-E827A8
202353MD1402-1,,AD25A9-MD-E8996E
202353CMD1048-1,40580B-MC-E86842,
1153MD1233-2,,7B84A9-MD-E82AD0
202453CMD1092-1,FB880B-MC-E8482A,FB880B-MC-E8482A
202053MD1710-2,,D8DE0B-MD-E848DC
202353MD1641-1,,EB240B-MD-E854E3
202453MD1353-1,,84CCCA-MD-E8496E
201853MD1458-1,,8D140B-MD-E8D8D7
201553MD1495-1,,34309B-MD-E8F03D
1453MD1489-1,,73FE0B-MD-E8BFC9
202353MD1204-1,,FD3E0B-MD-E8BF77
202053MD1010-2,,79D5A9-MD-E89B09
201853MD1602-2,,B53E0B-MD-E871D3
1453MD1239-1,,FD1D34-MD-E866AF
202253MD1888-1,,D155A9-MD-E81426
202153CMD1079-1,12ECB9-MC-E8072D,12ECB9-MC-E8072D
202353MD1762-1,,D0DD0B-MD-E88E4E
202053MD1490-1,,974E0B-MD-E80235
202253MD1941-1,,49ED0B-MD-E8A0AB
201753MD1450-2,,F0EA7F-MD-E8B858
202553MD1395-1,,7FA1CB-MD-E8E3B4
201753MD1391-1,,A1A5A9-MD-E86A67
201753MD1413-1,,C17E0B-MD-E8F826
201753MD1720-2,,FBD40C-MD-E8F4C0
202353MD1599-1,,AF55A9-MD-E8B837
202253MD1542-2,,C9CD0B-MD-E802D2
202453MD1820-2,,AA2EAC-MD-E8A1D1
202053MD1232-1,,23F01C-MD-E81FB7
202153MD1675-2,,4CE5A9-MD-E8D9C0
201653MD1833-2,,231E0B-MD-E803A8
202153MD1280-2,,91F5A9-MD-E84F9B
1253MD1300-2,,BD44A9-MD-E8114C
202053CMD1100-1,EA29FC-MC-E8E583,EA29FC-MC-E8E583
202153MD1579-1,,4BE3BC-MD-E89CF5
1153MD1333-1,,71375C-MD-E85346
221753MD1737-1,,9EAD0B-MD-E88760
202253CMD1112-2,17DCB9-MC-E87544,17DCB9-MC-E87544
202253MD1056-2,,A8A5A9-MD-E85BE1
202253CMD1008-2,F3FCB9-MC-E84C57,F3FCB9-MC-E84C57
1353MD1172-1,,BE65A9-MD-E8430A
202453MD1188-2,,A8BE0B-MD-E8FB2E
201753CMD1617-2,F0CCB9-MC-E834CF,F0CCB9-MC-E834CF
202353MD1675-1,,CF78BB-MD-E88BA6
202353MD1675-2,,3F88BB-MD-E88EBC
202153MD1228-1,,87275C-MD-E8CA90
202353CMD1040-1,BD87FC-MC-E86248,
202153MD1006-2,,B575A9-MD-E825D7
202153CMD1073-2,CE480B-MC-E867FF,
201653MD1491-1,,B315A9-MD-E85B18
202253CMD1010-2,268F8B-MC-E878CB,
1453MD1530-1,,B1E4A9-MD-E8FD3A
202553MD1500-2,,F8AFA4-MD-E86BB7
202153MD1596-1,,019FA4-MD-E88BA1
1053MD1051-2,,B8F5A9-MD-E8B693
202553MD1155-2,,A925A9-MD-E8A7A3
201553MD1531-2,,935D0B-MD-E83A8A
1153MD1189-1,,4045A9-MD-E84D67
202153MD1242-2,,BCD5A9-MD-E88E18
202353MD1773-1,,65EA7F-MD-E80D93
201853MD1275-1,,F98E0B-MD-E8E533
201653MD1189-1,,51C58B-MD-E805E0
202053MD1323-1,,9DE06C-MD-E8AC36
1253MD1240-1,,ECEE0B-MD-E81D11
201953MD1291-2,,215D0B-MD-E84900
201653MD1417-1,,91F5A9-MD-E82A55
1153MD1052-2,,BE8DOB-MD-E850D8
201753MD1278-2,,484DOB-MD-E84324
202053MD1625-1,,9595A9-MD-E89BE3
202553CMD1127-1,376CB9-MC-E8BF90,376CB9-MC-E8BF90
202453MD1636-1,,8875A9-MD-E8630E
202253MD1007-1,,209FA4-MD-E8369F
202353MD1478-1,,B105A9-MD-E888A0
202653MD1029-1,,CD45A9-MD-E8EBC9
1053MD1072-1,,2A7D0B-MD-E8AA0D
1453MD1666-1,,23FB6B-MD-E80CEE
201753MD1532-2,,2B61DC-MD-E81550
202253MD1053-2,,CDF4A9-MD-E874C1
202353MD1228-2,,FFBD0B-MD-E8E1B2
202253MD1881-3,,565E0B-MD-E8E8E7
202453MD1855-2,,C22D0B-MD-E8FA1D
202153MD1533-2,,978FA4-MD-E8FA4B
201753MD1534-2,,2C1D0B-MD-E8F6FB
201953CMD1087-2,BD480B-MC-E8EA63,
201753MD1308-1,,BF4E0B-MD-E8EE59
1353MD1385-1,,53E79C-MD-E80DF3
202153MD1867-1,,CBDA7F-MD-E88F4B
202153MD1885-1,,3DEFDC-MD-E82638
201553MD1076-1,,A00D0B-MD-E8D1C7
201653MD1025-1,,37C5EC-MD-E852AD
202353MD1207-1,,C615A9-MD-E82704
201953MD1331-2,,CAC4A9-MD-E82978
202053MD1160-2,,D8D5A9-MD-E8CD2C
201753MD1010-3,,95167F-MD-E8025B
202253CMD1044-1,73726B-MC-E8A2CB,
202453CMD1116-2,81DDC1-MC-E8A56C,
202253MD1442-2,,CC35A9-MD-E85956
202253MD1760-1,,B93471-MD-E83D08
202453MD1572-1,,4843B1-MD-E85C56
1153MD1228-1,,E6C5A9-MD-E883CD
201953MD1476-1,,1265A9-MD-E867E7
1253MD1187-2,,82CD0B-MD-E8524D
201653MD1833-2,,231E0B-MD-E803A8
202353MD1246-1,,DE94A9-MD-E8F393
201853MD1299-2,,01DD0B-MD-E8D3C9
201753MD1421-1,,A92411-MD-E8A1F8
201553MD1027-2,,F3F87B-MD-E84EE5
201553MD1419-1,,FA64A9-MD-E8920B
202053MD1090-2,,B484A9-MD-E8034D
202553MD1759-2,,DEE4A9-MD-E88C0B
201753MD1226-3,,51E161-MD-E89153
202053MD1320-2,,C815A9-MD-E8826F
1253MD1081-2,,223D0B-MD-E8228A
1453MD1017-2,,6DBA72-MD-E87812   
202053MD1267-3,,C4C5A9-MD-E89EB6
201653MD1209-2,,30E87B-MD-E85C9A
201553MD1737-1,,EA8D0B-MD-E8BF11
1353MD1009-2,,E234A9-MD-E84882
202253MD1031-1,,13FD0B-MD-E87B59
202153MD1589-1,,9C4902-MD-E88BFD
1353MD1077-2,,4E8D0B-MD-E89B84
202253MD1476-2,,FCD4A9-MD-E8CBBA
202653MD1002-1,,EC24A9-MD-E8EF3F
202253MD1723-2,,D2E622-MD-E8E117
202553MD1468-1,,20EE32-MD-E81959
201753MD1240-1,,8C1041-MD-E8FF22
202453MD1859-2,,7D7D0B-MD-E8E8DE
202353MD1417-2,,107AF1-MD-E84F58
202253CMD1001-2,352CB9-MC-E80E5A,
202353MD1306-1,,22855B-MD-E810E6
202153MD1175-2,,69B5A9-MD-E8F568
1453MD1264-2,,E68D0B-MD-E845EB
1453MD1562-2,,F004A9-MD-E8C83F
202053MD1707-1,,98F87B-MD-E8FE99
201953MD1602-1,,66E87B-MD-E811CB
201653MD1025-2,,FE1072-MD-E822D8
202553MD1872-1,,0E95A9-MD-E8E6AF
202353MD1190-1,,E7275C-MD-E8147E
201653MD1567-1,,A675A9-MD-E82E84
202053MD1684-1,,2A309B-MD-E8905C
1453MD1535-2,,65D87B-MD-E81EB6
202253MD1169-1,,E067C1-MD-E8FB6A
1353MD1041-2,,B1AD3B-MD-E8A8E8
201653MD1068-3,,29B625-MD-E87C39
202253MD1857-1,,559D35-MD-E8BB2B
202053MD1506-1,,20B625-MD-E852B3
202453MD1173-2,,5D65A9-MD-E88A91
201853MD1452-2,,E14D35-MD-E8BCE0
202653MD1116-2,,75F951-MD-E80927
201853MD1452-1,,294D35-MD-E88CC2
202253MD1828-2,,0C7D15-MD-E8D6CE
202253MD1828-1,,BB7D15-MD-E84884
202253MD1251-1,,BA8D15-MD-E8B65F
202053MD1563-1,,1BCB6B-MD-E8FD02
202453CMD1048-1,9D8F8B-MC-E827E3,
202553MD1305-1,,FF25A9-MD-E8675E
1453MD1211-2,,87175C-MD-E8FF08
1153MD1075-2,,B15C21-MD-E886AC
201553MD1619-1,,14F5A9-MD-E833F9
202253MD1407-1,,27A625-MD-E87323
202153MD1339-2,,BA009B-MD-E8550C
201653MD1642-3,,361EE5-MD-E86A00
201653MD1642-3,,5BD4F5-MD-E8EADC
202053MD1020-2,,CBDA7F-MD-E895C2
202353CMD1051-1,435CB9-MC-E8B0E2,435CB9-MC-E8B0E2
202353MD1306-1,,22855B-MD-E89D13
201953CMD1028-1,474CB9-MC-E8F7C0,
202553CMD1087-2,D06FE5-MC-E8E854,
202453MD1879-2,,08F09B-MD-E8AE15
202353CMD1018-1,F53B52-MC-E84F87,MELAdem 53 C
202153MD1193-2,,8985A9-MD-E8FDFF
202053MD1469-1,,13F4A9-MD-E8D277
201953MD1659-1,,BE2521-MD-E8DC34
201653MD1602-1,,DCD625-MD-E8092A
202253MD1651-2,,52D87B-MD-E854A5
201053MD1367-2,,A09F65-MD-E86E7F
202553CMD1054-1,57ACB9-MC-E82CB5,
202153MD1596-1,,019FA4-MD-E88BA1   
202553CMD1054-2,599CB9-MC-E8DE89,
202553MD1402-1,,229F65-MD-E873F3
202453MD1274-1,,2BE5A9-MD-E8C649
201553MD1532-3,,BF3521-MD-E8F413
1353MD1447-1,,C714A9-MD-E81FAA
202453MD1348-1,,C3C7F6-MD-E892E2
201553MD1504-1,,E98961-MD-E862D9
201853MD1462-2,,2CD4A9-MD-E84D5F
201553MD1296-1,,A2DDA1-MD-E8C683
201653CMD1048-2,6A6362-MC-E8D9BE,
202553CMD1146-1,14C5DC-MC-E81EC0,
201653MD1930-1,,6F8625-MD-E8B640
202453MD1381-2,,2125A9-MD-E84BE0
201553MD1633-1,,B3FEC5-MD-E8C353
202453MD1791-1,,22B5A9-MD-E8C8DA
202453MD1791-2,,22B5A9-MD-E8C8DA
1153MD1178-2,,22B5A9-MD-E8C8DA
202453MD1128-2,,534625-MD-E82715
201653MD1880-1,,05EE0B-MD-E8CEE4
1453MD1254-1,,921D0B-MD-E85D0E
202253MD1117-2,,CAD625-MD-E85D0C
201653MD1686-1,,E95625-MD-E87D5B
201953MD1532-2,,E871B6-MD-E8573F
201753MD1299-1,,0F3625-MD-E8636F
202253MD1853-2,,7D6625-MD-E826D0
202453MD1517-1,,797FA4-MD-E8D0C3
202353MD1150-1,,0D14A9-MD-E81FC9
202353CMD1008-2,DEBCA7-MC-E8EC3A,DEBCA7-MD-E8EC3A
202153CMD1083-1,2EE265-MC-E8029A,
202553MD1317-2,,FC54A9-MD-E8CACF
201753MD1005-2,,04BCA7-MD-E8ACB9
1353MD1405-2,,3E05A9-MD-E8CD72
202253CMD1038-1,B46346-MC-E8CEF8   ,B46346-MC-E8CEF8   
202353MD1750-1,,7D8A97-MD-E8B698
201953MD1633-1,,56A5A9-MD-E86C19
201753MD1172-1,,903625-MD-E8133B
202453CMD1127-2,68280B-MC-E8BF93,
202353MD1306-1,,63755B-MD-E8984E
202553MD1844-1,,D5F09B-MD-E86DB0
201653MD1457-1,,E4BD0B-MD-E842C4
201953MD1050-2,,DB0625-MD-E8C14D
202453MD1537-1,,35B967-MD-E8BE8C
202453MD1537-2,,FBB967-MD-E8B15A
201953MD1395-1,,26F5A9-MD-E86111
202153MD1273-1,,B39237-MD-E81728
202353MD1018-2,,3295A9-MD-E87159
202453MD1821-1,,81E4A9-MD-E8D00A
202253MD1651-1,,B9C87B-MD-E8D2A5
202353MD1495-1,,1B15A9-MD-E8DD45
201753MD1460-1,,DC9D0B-MD-E89708
202153MD1793-2,,870697-MD-E8A89E
202053MD1148-1,,C17625-MD-E82CBD
202353MD1154-1,,C9C87B-MD-E8FBF2
202253MD1651-1,,B9C87B-MD-E8D2A5
202253MD1654-1,,A99B6B-MD-E82442
1453MD1661-1,,272625-MD-E87905
201953MD1557-1,,45B5A9-MD-E89DCA
202253MD1194-2,,F6FE77-MD-E8626E  
202253MD1556-2,,261625-MD-E8A116
201953MD1307-1,,5D44A9-MD-E8BE6A
202353CMD1083-2,F47346-MC-E80BC5,F47346-MC-E80BC5
201653MD1013-2,,0275A9-MD-E83A3D
201553MD1680-2,,BE0625-MD-E89C42
202253MD1256-1,,272625-MD-E8CCF2
202253MD1256-2,,EAB625-MD-E82FB0
201653MD1535-1,,12E4A9-MD-E873CE
201753MD1202-1,,C750C7-MD-E8E2DE
201653MD1900-1,,4BA5A9-MD-E82A01
1453MD1336-2,,3760C7-MD-E851C3
202553MD1874-2,,9EE09B-MD-E84E7A
202053CMD1091-2,FA5346-MC-E8C9D7,
201853MD1437-1,,00A625-MD-E8AAAA
201753MD1145-3,,91F5A9-MD-E82A55
202153MD1824-2,,31E5A9-MD-E8AFCF
202253MD1911-1,,A650C7-MD-E89B00
201853MD1207-1,,7EBD0B-MD-E8BCB5
202253MD1123-1,,50D5A9-MD-E88469
202453MD1495-1,,E8D625-MD-E841C1
202353MD1402-2,,5C75A9-MD-E822B7
202253MD1006-2,,5635A9-MD-E8EA7C
1053MD1056-1,,2F9342-MD-E813D2
202053MD1690-1,,50F4A9-MD-E88937
1153MD1177-1,,E4D711-MD-E849AF
202153MD1454-2,,A0E09B-MD-E8D2E7
201653MD1943-1,,4FE625-MD-E8A723
202253MD1555-2,,178625-MD-E8A299
201553MD1824-1,,C8A625-MD-E8B34E
201853MD1564-2,,CED32F-MD-E84ACE
201953MD1719-1,,E83B6B-MD-E87EEA 
201753MD1391-1,,A1A5A9-MD-E86A67
202053MD1156-2,,7D8625-MD-E834A7
202253MD1133-2,,3D167B-MD-E88F6F
202453MD1607-1,,B8B8E8-MD-E8F8C4
202553MD1202-2,,B84F7B-MD-E843AB
202353MD1372-2,,53B4A9-MD-E8AC66
202253MD1755-1,,9A2FFF-MD-E86FB6
1353MD1447-2,,C714A9-MD-E81FAA
202053MD1080-2,,888B6B-MD-E8ADEA
202553MD1273-1,,BD6625-MD-E812C8
202553MD1695-1,,0174A9-MD-E860F1
202253MD1742-1,,1685A9-MD-E8A866
201953MD1615-2,,43F62C-MD-E86DBA
201553MD1036-2,,C58625-MD-E83346
202253MD1028-1,,884496-MD-E8027C
201653MD1652-2,,175625-MD-E86FE8
201853MD1300-2,,38B5A9-MD-E8CCB2
202453MD1784-1,,6864A9-MD-E88B70
202153CMD1155-1,567CB9-MC-E8A1A9,567CB9-MC-E8A1A9
201553MD1570-1,,907FBC-MD-E8DBA2
201753MD1035-1,,1C85A9-MD-E87D16
201653MD1332-2,,766625-MD-E8AD8F
1053MD1091-2,,2E6D87-MD-E8CE26
202453MD1302-2,,7CF5A9-MD-E8990C
201753CMD1057-1,76180B-MC-E8487A,76180B-MC-E8487A
201953MD1709-2,,0965A9-MD-E84104
202353MD1708-1,,02AF65-MD-E841E0
1453MD1410-2,,7C94A9-MD-E873FA
202353MD1382-2,,2334A9-MD-E861D8
202253MD1133-2,,3D167B-MD-E88F6F
201553MD1098-1,,7E35A9-MD-E88327
202253MD1803-2,,7C05A9-MD-E81F19
202553MD1030-1,,275625-MD-E87ADF
1453MD1277-1,,C445A9-MD-E824FA
202053MD1677-2,,CD2B6B-MD-E8FCDA
202353MD1204-1,,59C625-MD-E827AB
202353CMD1086-2,519B6D-MC-E852C7,
201853MD1231-1,,25A2BD-MD-E82EA6
202453CMD1128-3,83080B-MC-E82EE3,
1453MD1576-2,,A1A5A9-MD-E86A67
202553CMD1010-2,6C145D-MC-E8C77A,6C145D-MC-E8C77A
201853MD1097-1,,7374A9-MD-E82190
201653MD1070-2,,044625-MD-E8BDAD
201653MD1070-2,,044625-MD-E8BDAD
1253MD1185-2,,26E5FD-MD-E8FD4C
1153MD1036-2,,C38206-MD-E882D3
202253CMD1048-1,3E9DCD-MC-E88DB1,
202453CMD1059-1,6F080B-MC-E859A3,6F080B-MC-E859A3
202553CMD1021-1,6F080B-MC-E859A3,6F080B-MC-E859A3
1453MD1735-2,,DF6496-MD-E8C5BE
202453MD1879-1,,DED09B-MD-E89BDF
201753MD1522-1,,741EBD-MD-E87626
201953MD1058-1,,B2621D-MD-E871F2
1353MD1078-2,,76C5A9-MD-E8C727
202353MD1201-1,,1D9206-MD-E8E108
202153MD1058-1,,3F8B6B-MD-E83666
202253MD1212-2,,17CB6B-MD-E8AA62
202153MD1625-2,,35CA7F-MD-E87E8A
202153MD1001-1,,8FD3AD-MD-E8E94A
201653MD1240-2,,BCC7BD-MD-E8EFA7
202053MD1609-1,,5D9E0B-MD-E88804
202353MD1183-1,,626E0B-MD-E8B507
202353CMD1103-2,A4726B-MC-E8ED7D,
202153MD1109-1,,7645A9-MD-E8333B
1353MD1240-3,,3A2625-MD-E8E8FB
201653MD1378-1,,E87496-MD-E88D4A
202553MD1288-2,,40C7BD-MD-E84EE4
202253MD1089-1,,7BFB6B-MD-E83F4B
201653MD1952-1,,B01625-MD-E870D0
202653MD1206-2,,D6F95B-MD-E857FF
202053MD1560-2,,491625-MD-E83D3E
1353MD1183-1,,25F4A9-MD-E8A897
201753MD1446-6,,6B8206-MD-E89E55
202353MD1458-1,,8AB4A9-MD-E8F4F0
202553MD1922-2,,84A4A9-MD-E8FE9A
201953MD1666-2,,B16D87-MD-E8382B
202253MD1296-1,,61F57B-MD-E8158A
201553MD1824-1,,C8A625-MD-E8B34E
202253MD1150-2,,C604A9-MD-E8B8F4
201653MD1825-2,,21BD0B-MD-E8043E
202153CMD1113-1,4A9CB9-MC-E80D08, 	  4A9CB9-MC-E80D08
202453MD1518-2,,8654A9-MD-E83A3E
202053MD1212-1,,F24496-MD-E811D3
202253MD1901-3,,42FD0B-MD-E859E5
201553MD1439-2,,8835A9-MD-E8664B
202253MD1060-2,,61A5A9-MD-E88C7C
202253MD1582-2,,55B5A9-MD-E84682
202553MD1616-1,,169206-MD-E8713F
202553MD1477-1,,8475A9-MD-E8B9D3
201753MD1561-1,,55f625-MD-E86F17
201953MD1504-1,,ABC09B-MD-E85C07
202253MD1126-2,,D9E5A9-MD-E82F4B
202053MD1658-1,,EFA206-MD-E852D2
201753MD1143-1,,430625-MD-E88D26
202553MD1110-1,,19B5A9-MD-E82CD1
201953MD1370-2,,7DDD0B-MD-E88F00
202153MD1069-2,,09FB6B-MD-E8B647
1353MD1171-1,,6AC09B-MD-E8651B
1353MD1079-1,,B8D8C0-MD-E8674C
202353MD1520-2,,9F3625-MD-E8D3E5
202053MD1171-1,,CB8496-MD-E85FFD
202053MD1171-2,,CB8496-MD-E85FFD
202053CMD1110-1,355346-MC-E85DF0, 	  355346-MC-E85DF0
201553MD1321-1,,880E0B-MD-E86C53
202353MD1574-2,,DA2C46-MD-E846EC
202453MD1239-1,,DF7B0A-MD-E87B77
202153CMD1147-1,E80D00-MC-E84848,
202153MD1558-1,,D17496-MD-E8F5B0
201853MD1262-2,,1FCF5B-MD-E8FEDC
202453MD1063-1,,C34496-MD-E864DD
1153MD1104-1,,0AEB6B-MD-E87C39
201753MD1550-3,,548180-MD-E84CE4 
202353MD1182-1,,7A8C40-MD-E864A2
201553MD1687-3,,1DB5A9-MD-E87E43
202353MD1182-2,,A2FC40-MD-E8A95F
201753MD1283-1,,B2B87B-MD-E8B490
1453MD1611-2,,9464A9-MD-E8F1D0
1453MD1201-2,,D3F5A9-MD-E8B4BD
202553MD1878-2,,B0F6C0-MD-E8E192
1453MD1201-2,,D3F5A9-MD-E8B4BD
202553MD1086-1,,11B625-MD-E83171
201853CMD1045-3,0812D0-MC-E804ED,
202453MD1316-2,,1E1C46-MD-E87174
202253MD1938-2,,278F65-MD-E8F716
202253MD1938-2,,278F65-MD-E8F716
202153MD1133-2,,E2EAE0-MD-E80355
202253MD1034-1,,F4B87B-MD-E84045
1453MD1727-1,,3F75A9-MD-E89631
202253MD1784-2,,TEST01-MD-Test01
1353MD1010-1,,7F95C1-MD-E85519
201853MD1196-2,,621C46-MD-E8EEEB
202253MD1075-3,,82B871-MD-E87463
210553MD1126-1,,C37496-MD-E8A1FB
202453MD1309-1,,4AD625-MD-E84E8E
202053MD1352-2,,D494A9-MD-E86FA1
1053MD1072-2,,C3A625-MD-E8416D
1153MD1071-2,,BEED21-MD-E809AB
202053MD1112-2,,0D5E0B-MD-D877BC
201553MD1524-2,,80A625-MD-E8A461
1353MD1009-1,,9DC5A9-MD-E83EE6
202353MD1737-2,,6AA4A9-MD-E806B0
202253MD1556-2,,90A625-MD-E89CE5
202353MD1338-2,,7235A9-MD-E8E0A6
202453MD1619-1,,5175A9-MD-E8B986
201853MD1503-1,,3FD4A9-MD-E8FD41
202553MD1155-2,,A925A9-MD-E8A7A3
201853MD1560-2,,7CC625-MD-E8A02D
201653MD1424-1,,7CF625-MD-E83247
201953MD1079-2,,C5DFA1-MD-E8931E
1453MD1390-2,,419625-MD-E8C97D
201953CMD1056-2,2982E1-MC-E87873,
202053MD1699-2,,B5EC46-MD-E846DB
201653CMD1073-2,D3F80B-MC-E8D2FD,D3F80B-MC-E8D2FD
201753CMD1015-1,31380B-MC-E816CE, 31380B-MC-E816C
1153MD1351-2,,D27851-MD-E8D356
202253CMD1041-2,448261-MC-E8BE63,
201953MD1458-1,,C04F40-MD-E819ED
201653MD1920-2,,B77625-MD-E8082C
201853MD1635-2,,ED9B6B-MD-E89816 
202553CMD1089-1,C69F65-MC-E89867,
202253MD1413-2,,B7132F-MD-E853B7
201853CMD1003-2,793346-MC-E896A5,793346-MC-E896A5
145353MD1360-1,,F59496-MD-E86B7A
202453MD1665-1,,375C46-MD-E8E48B
201853MD1458-2,,C88F65-MD-E8B271
201753MD1626-2,,237625-MD-E83730
201753MD1626-1,,7B6625-MD-E8077E
202453MD1334-2,,E24591-MD-E8C969
202553CMD1021-1,561A25-MC-E85C6E,
202453MD1501-1,,21CE0B-MD-E82354
201753CMD1011-1,45EE0A-MC-E8B729,
201953MD1200-2,,FBB625-MD-E83A55
1453MD1252-1,,B4AC46-MD-E8D133
202153MD1448-1,,CEBC46-MD-E8274B
201953MD1066-2,,542E0B-MD-E8C901
202053MD1692-2,,9B9496-MD-E893CB
201853MD1166-1,,F2B625-MD-E8D191
202453CMD1050-1,70180B-MC-E850EF,70180B-MC-E850EF
1153MD1038-1,,126625-MD-E85265
202553MD1175-1,,98B7BD-MD-E8A764
202253MD1784-2,,0FA496-MD-E805E6
1453MD1344-1,,B45625-MD-E8BCAA
202253MD1058-1,,8285A9-MD-E80DD2
202553MD1495-2,,D9F32F-MD-E8677D
202353MD1551-1,,51EE0B-MD-E8D042
201753MD1189-1 ,,D0D625-MD-E85547
201753MD1668-1,,58C496-MD-E86C4C
202353MD1550-2,,2EDE0B-MD-E8C427
202353MD1550-1,,37AD0B-MD-E80E63
202353MD1551-2,,EE8625-MD-E804C6
201653CMD1060-1,6FE596-MC-E8B9CB,
202553MD1746-1,,035206-MD-E83AB3
201753CMD1617-1,7D3346-MC-E8C8DD,	 7D3346-MC-E8C8DD
201553MD1333-1,,2B6206-MD-E8F284
201953MD1388-2,,DB4C46-MD-E81E51
201753MD1717-1,,0E9496-MD-E8F2E7
1453MD1472-1,,5D0312-MD-E8E1F6
201653MD1451-1,,D2F32F-MD-E81231
201953MD1581-2,,CB8625-MD-E8BFE1
201653MD1020-2,,39C496-MD-E82D31
1453MD1460-2,,AC4625-MD-E8067D
202653MD1180-1,,FB4C46-MD-E811F8
202253MD1458-2,,0A8DFD-MD-E8DA90
202153MD1084-1,,552AE2-MD-E8DFED
1153MD1339-2,,995B6B-MD-E83713
202553MD1155-2,,1BDC46-MD-E8B43E
1053MD1048-2,,E4B496-MD-E83993
201753MD1099-2,,9C4625-MD-E8BAD4
202553CMD1090-1,E54406-MC-E8F051,
201653MD1641-2,,3D65A9-MD-E88EB5
201653MD1491-1,,B315A9-MD-E85B18
202553MD1799-1,,D5A206-MD-E8EE13
202353MD1842-2,,1BFC46-MD-E8BD65
201753MD1145-3,,100C46-MD-E8CFA0
202253MD1419-1,,23DC46-MD-E80EC9
201553MD1567-1,,233FB2-MD-E8BAE8
202253CMD1019-2,103346-MC-E8CBD8,
202153MD1677-2,,404206-MD-E80F15
202153MD1502-1,,73C3F3-MD-E874A4
202153MD1502-1,,73C3F3-MD-E874A4
202253CMD1016-2,3C90F3-MC-E80EDD,
1253MD1270-2,,707DFD-MD-E8C7AD
202253MD1708-2,,9284A9-MD-E81FE3
202253MD1938-2,,278F65-MD-E8F716
201753MD1009-1,,2F0625-MD-E8621D
202253MD1883-2,,CD70BD-MD-E8F959
202253MD1356-2,,E94206-MD-E87CDB
202153MD1772-1,,A69D0B-MD-E83CE3
202153MD1673-2,,2CB541-MD-E8C042
202253MD1028-2,,884496-MD-E8027C
1453MD1559-2,,856206-MD-E86B88
202453MD1516-1,,547625-MD-E83116
202453MD1809-1,,2E5D87-MD-E89F4F
202353MD1199-1,,DF2FB2-MD-E886F3
201653MD1846-3,,DFD496-MD-E80359
201753MD1316-2,,TEST01-MD-Test01
201853CMD1037-1,F52346-MC-E83A51,
1453MD1536-2,,010625-MD-E81AD1
202053MD1544-1,,C12D97-MD-E89917
202153MD1175-1,,58BC46-MD-E8BEEE
201753MD1299-2,,2EF625-MD-E8C126
201753MD1127-1,,498496-MD-E8354A
202453MD1599-1,,75B4A9-MD-E85A3C
202553MD1182-2,,87A4A9-MD-E876DE
201753MD1334-1,,6A7DFD-MD-E8FE51
201753MD1169-2,,2DD496-MD-E8B1B1
202253MD1755-2,,2C2FFF-MD-E82787
202153CMD1127-1,3F6346-MC-E873BF,3F6346-MC-E873BF
201753MD1733-3,,272496-MD-E8705D
201653CMD1004-2,E25406-MC-E8B8BB,
1453MD1576-2,,5CCC46-MD-E8BDF4
201753MD1391-1,,57CC46-MD-E8C20E
202053MD1448-1,,D41FB2-MD-E8D9ED 
201653CMD1066-1,B14596-MC-E81CCB,B14596-MC-E81CCB
201853CMD1021-2,5C6346-MC-E8CA23,5C6346-MC-E8CA23
201653MD1054-2,,441BD2-MD-E847A8
1353MD1290-1,,E50C46-MD-E87C38
202453CMD1056-1,A85406-MC-E8A7EF,
201853CMD1010-1,8D2346-MC-E84E34,	 8D2346-MC-E84E34
1353MD1222-2,,3324A9-MD-E8833C
202153MD1584-2,,4744A9-MD-E85638
202053MD1142-2,,711C46-MD-E82E6D
202153MD1844-1,,9BDAA3-MD-E8F761
202353MD1340-1,,EC7C46-MD-E8A481
202053MD1038-1,,FD8C46-MD-E8033B
201553MD1479-1,,83F625-MD-E89E5E
202153MD1141-2,,166C46-MD-E8A619
202653MD1208-1,,CC2932-MD-E813EB
202053MD1358-1,,4DC625-MD-E8C5AF
202053MD1320-1,,213C46-MD-E80BDA
202453MD1805-1,,796496-MD-E87B34
201753MD1673-1,,3FB7BD-MD-E826B7
202053MD1267-1,,992C46-MD-E87CBB
1153MD1353-3,,57A4A9-MD-E86811
201553MD1116-1,,E9038D-MD-E89003
202353MD1436-2,,7375A9-MD-E8104B
201753MD1130-2,,A42C46-MD-E8F46C
201853MD1488-2,,A8E625-MD-E860E4
202253MD1027-1,,CA8C46-MD-E8BF1C
202053MD1431-2,,87E625-MD-E8E1BE
202153CMD1093-1,964346-MC-E87277,964346-MC-E87277
202253MD1632-1,,403FB2-MD-E81350
202353MD1129-2,,A27625-MD-E8B489
202153MD1646-2,,87E625-MD-E812E1
201553MD1277-2,,D4AC46-MD-E806B1
202353MD1468-1,,334E37-MD-E87F35
202253MD1260-1,,0F3625-MD-E84678
202153MD1057-3,,87B87B-MD-E85138
202153MD1346-1,,C9B157-MD-E88434
201753MD1560-2,,548180-MD-E84CE4 
201553MD1750-1,,32E625-MD-E8940C
202553MD1395-1,,8E1007-MD-E8C103
202253CMD1026-3,C4C346-MC-E8FDC5,
201853MD1467-1,,D801AB-MD-E84779
1453MD1462-1,,F004A9-MD-E8C83F
202353MD1390-1,,42FC46-MD-E83F52
202553MD1162-2,,9EE496-MD-E815C3
1453MD1066-2,,870625-MD-E89478
202353MD1830-2,,E067C1-MD-E8FB6A
201653MD1880-1,,05EE0B-MD-E8CEE4
201653MD1817-1,,20DC46-MD-E8766F
202353MD1665-2,,7AF471-MD-E8FCCC
202453MD1449-2,,79AC81-MD-E86982
202553MD1687-1,,9FBC46-MD-E8C100
1153MD1044-2,,133757-MD-E87F99
202553MD1268-1,,691C46-MD-E874CF
202553CMD1045-1,274596-MC-E81EC0,
202553MD1550-1,,674521-MD-E86BBA
201753MD1289-2,,02EC46-MD-E84CF2
202053MD1292-1,,A61117-MD-E8298B
1453MD1075-1,,D9C648-MD-E85416
202453MD1397-2,,C80C28-MD-E8001D
1353MD1447-2,,E10C46-MD-E8E60F
202253CMD1075-2,B11346-MC-E89A4A,
201553MD1336-2,,741C46-MD-E8438F
202253MD1073-1        ,,22AB0A-MD-E8AED6
202553MD1973-2,,8DD1F8-MD-E831FA
202353MD1590-1,,62D1F8-MD-E869D5
202453MD1233-1,,91240B-MD-E89305
201553MD1808-5,,452338-MD-E87BE9
201553MD1658-2,,B70C46-MD-E84163
201653MD1581-1,,70EF67-MD-E8AF17
202053MD1136-2,,E46DFD-MD-E8C971
202553MD1747-1,,7360C7-MD-E87809
201653MD1381-1,,735C46-MD-E8A88F
202153MD1823-2,,778F65-MD-E8DE2C
1453MD1022-1,,120F67-MD-E8EA75
202553MD1544-1,,0A3C46-MD-E87A12
201753MD1660-2,,4FAB6B-MD-E826F1
202553MD1108-2,,77CD0B-MD-E82F6F
202153MD1834-1,,582C46-MD-E89CFE
1353MD1404-2,,B4F342-MD-E8BEE7
202253CMD1071-2,4E280B-MC-E8AC64,4E280B-MC-E8AC64
202053MD1619-2,,997C46-MD-E8CDC6
211853MD1154-1,,7B2C46-MD-E8E716
202053MD1609-2,,1BBF67-MD-E8793A
202153MD1006-1,,B575A9-MD-E825D7
202253CMD1044-2,1F626B-MC-E8A6DD,
202053MD1519-2,,C4AC46-MD-E876EB
201553MD1321-4,,B18F67-MD-E803F4
201553MD1138-2,,1DCF67-MD-E89D11
202353MD1538-2,,3BBA7F-MD-E86416
202553CMD1016-2,AA6406-MC-E89B61,AA6406-MC-E89B61
201753MD1713-1,,A32625-MD-E84B6C
201953MD1709-1,,0965A9-MD-E84104
202353MD1306-3,,5A655B-MD-E8EBE0
202553MD1151-1,,7FFC46-MD-E886FE
201753MD1634-2,,6DE625-MD-E8F359
201753MD1461-2,,887F67-MD-E83D0B
202453MD1007-1,,DC7C5B-MD-E8B632
202553CMD1096-1,26DEDB-MC-E87581,
202053MD1080-1,,081FB2-MD-E852B0
1453MD1392-2,,48CD0B-MD-E831C9
201753MD1210-1,,25498B-MD-E8C902
202253MD1910-2,,25E625-MD-E8B544
202153MD1358-2,,2C0625-MD-E8AA96
201553MD1751-1,,277F65-MD-E8FCA8
201653MD1947-2,,224878-MD-E8DA0E
201753MD1674-1,,F58C46-MD-E8395C
202453MD1411-1,,B65206-MD-E88D95
201753MD1482-3,,716DFD-MD-E80583
202253MD1640-1,,3EBC46-MD-E8AF07
202553MD1808-1,,047C46-MD-E86431
202053MD1601-1,,9595A9-MD-E89BE3
201553MD1468-1,,F81F67-MD-E83AFA
202453MD1197-1,,5775A9-MD-E85A6C
201853MD1356-1,,A89C46-MD-E8A53F
1453MD1590-1,,E20F67-MD-E84A74
202453MD1795-2,,25C43B-MD-E8DA6F
201553MD1455-1,,86A87B-MD-E8F140
1253MD1317-1,,7BB21B-MD-E8B481
201553MD1593-1,,528206-MD-E800EE
202553MD1865-1,,C9B157-MD-E88434
1453MD1200-1,,3C7BAB-MD-E88136
201853MD1206-2,,1ED5EB-MD-E8539F
202053MD1020-1,,97AA7F-MD-E8CD31
202253MD1061-1,,A1BE67-MD-E8D514
1153MD1178-2,,22B5A9-MD-E8C8DA
202353CMD1037-2,B86596-MC-E82E3B,B86596-MC-E82E3B
1453MD1596-2,,C4CC46-MD-E8AA14
202153MD1439-3,,12175C-MD-E8D9EF
201853MD1086-2,,7B5DFD-MD-E80E46
202453MD1249-1,,BA5C46-MD-E893B0
201653MD1417-1,,5B6C46-MD-E80664
201553MD1213-1,,61F4A9-MD-E8AEB0
202353MD1245-1,,B38457-MD-E8DA65
202153MD1701-1,,393625-MD-E83041
202153MD1412-2,,CFB14C-MD-E89D5A
202353MD1358-1,,028457-MD-E829EB
1453MD1462-1,,62AC46-MD-E8620C
202253MD1133-2,,3D167B-MD-E88F6F
202353MD1045-2,,9F5C46-MD-E864E2   
202153CMD1110-2,3FD3AC-MC-E84C64,
201553MD1483-2,,675DFD-MD-E89A1B
201653MD1642-1,,8BFAEC-MD-E8A557
202453MD1090-2,,5C542C-MD-E8D992
202253MD1360-1,,E5CC46-MD-E88EC2
202253CMD1082-2,B86406-MC-E85D68,
202253MD1907-1,,B12457-MD-E8603B
202053MD1621-1,,95905C-MD-E85839
202153MD1005-1,,150EDC-MD-E8E974
201853MD1239-1,,140DEC-MD-E89721
202053MD1455-1,,569F67-MD-E82228
202353MD1402-1,,8E4C46-MD-E80EBE
202253MD1130-1,,78F1AB-MD-E81427
201753MD1547-3,,60817C-MD-E8853D
201953MD1751-2,,CFB457-MD-E8CC25
201953MD1536-1,,D4EC46-MD-E87D39
202153MD1192-1,,1D5E8C-MD-E8965F
1353MD1294-2,,F991CC-MD-E8BA62
1453MD1135-1,,5FE457-MD-E8F5CD
201553MD1118-1,,839457-MD-E87FC3
201753MD1655-3,,514DFD-MD-E817EE
202453CMD1039-2,04626B-MC-E88ECA,04626B-MC-E88ECA
1353MD1112-1,,7F4DFD-MD-E80DED
201953MD1699-2,,ED5457-MD-E88FF3
202453MD1565-1,,3E5C46-MD-E85447
201753MD1182-1,,05266B-MD-E862C0
201653MD1675-3,,5FD457-MD-E89BBF
202553CMD1133-1,E3B345-MC-E87307,
1153MD1019-3,,D9EC46-MD-E8DF1F
202153MD1360-1,,A30457-MD-E8F51E
1453MD1467-2,,B1050C-MD-E82742
201953MD1629-2,,E81E67-MD-E8603E
201753MD1693-2,,9A55A9-MD-E8813E
1453MD1685-2,,14EC46-MD-E8BB13
202253MD1329-3,,C70E67-MD-E89024
201653MD1601-2,,C5BE67-MD-E821A7
202453MD1764-2,,B9E457-MD-E818A1
202353MD1303-1,,05B206-MD-E87E00
202253MD1928-2,,BC7206-MD-E8C6FD
201953MD1603-2,,990457-MD-E8D846
201653MD1523-1,,1F3C46-MD-E8FC47
202453CMD1016-2,B3D457-MC-E8620C,
1253MD1177-2,,B2FC46-MD-E81B48
201653MD1343-1,,4B6457-MD-E8BA51
202453MD1376-1,,888C46-MD-E80655
201753MD1261-2,,901457-MD-E822F1
201653MD1194-2,,10B03F-MD-E85FDC
202553MD1168-2,,2E49AD-MD-E8387A
201553MD1569-2,,761625-MD-E81723
202453MD1313-1,,7BE15D-MD-E86444
1353MD1158-2,,0E8457-MD-E89F8E
202353MD1743-1,,E8AC2D-MD-E8F0B9
201653MD1520-1,,F7FE67-MD-E87F59
202553CMD1141-1,2A5BCD-MC-E82E11,2A5BCD-MC-E82E11
1353MD1411-1,,326457-MD-E8AF87
201953MD1302-2,,C21457-MD-E8530E
202153MD1734-3,,A65C46-MD-E88A4D
201953MD1534-1,,578E67-MD-E8732D
202253CMD1087-1,A28406-MC-E823D6,
202353MD1312-3,,39DC46-MD-E8792D
201553MD1797-1,,F1C457-MD-E88923
1253MD1121-1,,C12D97-MD-E89917
1153MD1142-1,,E1916D-MD-E899F1
201553MD1238-1,,5FFC46-MD-E8AA56
202253MD1944-2,,1A078D-MD-E8F1BE
202453MD1055-2,,3F2727-MD-E8E802
202353MD1826-1,,5D5D87-MD-E8C734
201853MD1626-1,,00D457-MD-E8CE5C
201553MD1738-2,,406E67-MD-E860B9
1453MD1655-4,,E8B457-MD-E83D87
202053MD1706-2,,AB218D-MD-E8AD4A
201553MD1142-2,,83E457-MD-E85E72
202053CMD1082-3,4CBEDD-MC-E87D44,4CBEDD-MC-E87D44
202053CMD1082-2,BDAEDD-MC-E8556E,
202053MD1601-1 ,,42FC46-MD-E8CC81
202153MD1280-1,,43CC46-MD-E87304
202153MD1619-2,,EC5C46-MD-E88CE8
202353MD1334-1,,5D09CD-MD-E807EB
1453MD1382-2,,F63E67-MD-E8B50B
201753MD1734-2,,4ECC46-MD-E8282F
202353MD1653-1,,E6F457-MD-E8792C
202553CMD1047-1,02D346-MC-E821D2,02D346-MC-E821D2
202153MD1108-1,,8FBE67-MD-E8EDC3
202153CMD1111-2,05F346-MC-E83A43,
202353MD1385-1,,E9FE67-MD-E8A424
202453MD1251-2,,A54B0A-MD-E806F6
201753MD1587-1,,59AB0A-MD-E8FE78
202653MD1321-1,,A2BC46-MD-E8BC92
202053CMD1054-2,00E0BB-MC-E895BA,
1453MD1129-2,,77F457-MD-E8115B
1353MD1327-2,,38DC46-MD-E85661
1253MD1117-1,,518B0A-MD-E85531
202253CMD1001-2,04E346-MC-E80252,
1253MD1316-2,,081F67-MD-E8D3D4
202353MD1469-1,,910DDE-MD-E8E4F5
202453MD1223-1,,53E7EE-MD-E880CC
202453MD1223-1,,53E7EE-MD-E880CC
201753CMD1047-2,BD4C7E-MC-E86700 ,BD4C7E-MC-E86700 
202553MD1149-2,,A9CDFD-MD-E87BF2
202353MD1467-1,,94D45E-MD-E85F94
202153CMD1082-1,032C98-MC-E81156,
201853CMD1044-2,275596-MC-E8B7A4,275596-MC-E8B7A4
1053MD1040-1,,365727-MD-E8D628
1353MD1300-1,,FE4741-MD-E8A1DC
201953MD1757-2,,7AFC46-MD-E819F9
1353MD1135-2,,FD3457-MD-E855C4
201653MD1787-1,,F14727-MD-E85F2F
201853MD1579-1,,45E727-MD-E8BD7C
202153MD1802-2,,766881-MD-E828CB
201553MD1370-2,,938B0A-MD-E8256A
202153MD1006-1,,7EDC46-MD-E8AFB9
1053MD1072-2,,858E67-MD-E88A74
202453CMD1093-2,14C346-MC-E83E2D,14C346-MC-E83E2D
1353MD1159-1,,CBAC46-MD-E8CE98
202453MD1005-1,,9E7457-MD-E81823
202053MD1275-1,,103C46-MD-E8DB99
202053MD1365-1,,552B0A-MD-E8EDA7
201853MD1299-1,,797E67-MD-E8C892
201653MD1598-1,,1EE625-MD-E84F18
1353MD1191-1,,D7F2BE-MD-E858F2
202453MD1013-2,,CAAE67-MD-E8D668
202453MD1447-2,,78EB0A-MD-E8FA0C
201853MD1169-2,,8FF9CD-MD-E8D031
202553CMD1046-2,232302-MC-E8AD64,232302-MC-E8AD64
201853CMD1026-1,BB7406-MC-E8166C,
1253MD1317-1,,7BB21B-MD-E8B481
201753CMD1018-1,94DE0A-MC-E878D5,
202053MD1124-2,,445D87-MD-E8CB99
202453MD1177-1,,668C46-MD-E8B4CE
201753MD1581-2,,835727-MD-E834F8
202253MD1253-1,,226E67-MD-E87A7B
202153MD1086-1,,CD2457-MD-E8C132
201753MD1502-1,,CCEF67-MD-E80409
202353MD1372-2 ,,53B4A9-MD-E8AC66
201953MD1064-2,,300520-MD-E835B2
201953MD1138-1,,90C457-MD-E8D991
202353MD1251-1,,36FB0A-MD-E88AA7
1453MD1255-1,,C1DB0A-MD-E85EED
202253CMD1013-2,FBF346-MC-E8E02C,FBF346-MC-E8E02C
201753MD1333-1,,3C6727-MD-E8FD7B
201553MD1462-1,,6CC457-MD-E88343
202553MD1931-1,,B75E67-MD-E8ABB2
202353MD1511-2,,041B0A-MD-E8C050
1153MD1115-2,,261625-MD-E852EB
202453MD1182-2,,D91DC1-MD-E86165
202353MD1037-3,,780C46-MD-E8BD61
202553MD1865-1,,D91DC1-MD-E86165
201853MD1258-2,,BA2B0A-MD-E83A0E
202453MD1193-1,,690B0A-MD-E84C87
201853MD1259-1,,743B0A-MD-E8EB8A
202553MD1245-2,,951C46-MD-E80471
201853CMD1045-2,C5E010-MC-E8DC02 , 	  C5E010-MC-E8DC02 
202453MD1251-2,,A54B0A-MD-E806F6
201553MD1411-1,,693521-MD-E8C818
202153MD1312-2,,006E67-MD-E892A2
202353MD1396-1,,8ADE67-MD-E8C345
202253MD1517-2,,B1EE67-MD-E8F0D8
202353MD1298-1,,706271-MD-E87DED
202153MD1810-2,,1C6881-MD-E80EF2
201953MD1481-1,,CD2C46-MD-E88DEF
1053MD1063-1,,E0767D-MD-E8D3A4
1253MD1265-1,,58CB0A-MD-E87920
201553MD1443-2,,5A7800-MD-E80CE2
202253MD1850-1,,0EE5DB-MD-E83026
202253MD1133-2,,3D167B-MD-E88F6F
202153MD1584-1,,99BC46-MD-E85424
201753MD1072-1,,E98727-MD-E8042A
202253MD1520-2,,13C625-MD-E803EF
202153MD1725-1,,8EFB0A-MD-E8201E
202053MD1131-1,,81DC46-MD-E811AA
202553MD1804-1,,FB6C46-MD-E8EB34
202353MD1723-1,,D22DF0-MD-E81FAA
202353MD1341-2,,FA8BOA-MD-E87399
201553MD1352-1,,037727-MD-E8F5CE
201853MD1503-2,,9FBC46-MD-E8E42A
202453CMD1114-1,77BE0A-MC-E81226,
201953MD1362-1,,EDDF5B-MD-E8F9CD
201853MD1292-1,,CEAE67-MD-E84E21
202553MD1486-1,,3C0FB2-MD-E8A5C2
1453MD1411-1,,B41061-MD-E803FD
202453MD1231-1,,F29727-MD-E86220
202153MD1297-1,,08B727-MD-E87C08
202453MD1666-1,,7C9727-MD-E8D9DF
201853MD1101-2,,F4A77D-MD-E86133
202053CMD1061-2,2F0346-MC-E838FF,
202353MD1108-2,,8AE1F8-MD-E8A616
202253MD1356-2,,D40727-MD-E88D99
202153MD1531-1,,C4CC46-MD-E8AA14
202453MD1182-2,,7BE15D-MD-E86444
1153MD1069-1,,AB2727-MD-E80DA7
201753MD1587-1,,59AB0A-MD-E8FE78
202053CMD1054-2,00E0BB-MC-E895BA,
202053MD1636-1,,52DB0A-MD-E8403E
201553MD1263-1,,B6E6BC-MD-E83588
201653MD1396-2,,91075C-MD-E8C299
202353MD1183-2,,081E67-MD-E86C11
201853MD1101-2,,F4A77D-MD-E86133
202153MD1820-2,,346E67-MD-E8DF9C
201753MD1103-2,,172B0A-MD-E8FADE
202053MD1544-1,,C12D97-MD-E89917
201653MD1934-1,,D75E67-MD-E8FA53
202353MD1661-1,,F99B0A-MD-E8E39D
1353MD1299-2,,86DB0A-MD-E8DFDA
202553MD1155-2,,F4C26D-MD-E8F359
202153MD1317-1,,F59B0A-MD-E8C2D2
201953MD1126-2,,E49B0A-MD-E8D004
201853MD1108-1,,A5B496-MD-E8842C
202653MD1193-2,,AD977D-MD-E81ADA
202353MD1205-1,,2C5B0A-MD-E8325A
202253MD1821-2,,63F727-MD-E879BC
202153MD1680-2,,215625-MD-E8043B
202553MD1759-1,,FC826D-MD-E80184
201953MD1496-2,,DFE496-MD-E84C7A
201653MD1662-2,,500C46-MD-E8D8D5
201753MD1034-2 ,,CE703D-MD-E8A484
202253MD1573-2,,3CCB57-MD-E89188
1053MD1069-2,,F87B0A-MD-E8D869
202253MD1133-2,,59A727-MD-E84F99
201853MD1160-2,,D1B26D-MD-E83686
202153MD1683-1,,05E26D-MD-E8756F
202353MD1432-2,,0AEB0A-MD-E8A89A
201953MD1611-1,,F9777D-MD-E89944
202353MD1559-3,,B1FB0A-MD-E8D597
201753CMD1014-2,34C346-MC-E83495,34C346-MC-E83495
202253MD1652-2,,09987B-MD-E8F889
201953CMD1078-2,2FBE0A-MC-E8FDE1,2FBE0A-MC-E8FDE1
202253MD1814-2,,56396E-MD-E859A4
1353MD1251-1,,DA3E67-MD-E8AF07
202253MD1123-1,,0C126D-MD-E8DDE4
202153MD1111-2,,0BFA91-MD-E8BB20
201653MD1344-2,,A3877D-MD-E88072
202253MD1590-1,,2F7727-MD-E8353C
202253MD1153-1,,15EF53-MD-E84A75
202053MD1475-1,,674E67-MD-E86B20
201853MD1390-3,,0EA457-MD-E814AC
202553MD1595-1,,22EB0A-MD-E8090B
202553MD1595-1,,22EB0A-MD-E8090B
202153MD1161-1,,202233-MD-E8405B
201653MD1240-2,,D8C7BD-MD-E8B8D3
202053MD1639-2,,541727-MD-E8DA05
201753MD1164-2,,F59E67-MD-E8E0B4
202653MD1032-2,,F81727-MD-E8658F
202053MD1627-2,,8299B1-MD-E8B372
201653MD1356-2,,152E67-MD-E80072
202253MD1468-1,,FB2B0A-MD-E8DD7D
201853MD1048-1,,BEF0C1-MD-E8B3FE
201753MD1206-2,,A1E0C1-MD-E8204F
201653MD1791-1,,EF9B0A-MD-E8E0E6
201753MD1519-2,,9A7DC3-MD-E817A9
202453MD1438-1,,CF677D-MD-E84A9E
202253MD1901-3,,6D0E67-MD-E8B5E1
202353CMD1063-1,7C2BE3-MC-E8B519,
202253MD1460-1,,1A2E67-MD-E895D3
202053MD1249-1,,FB8727-MD-E85B87
201953MD1583-1,,7F887B-MD-E86A51
202053MD1386-2,,ED977D-MD-E885A7
1453MD1531-1,,EA4B0A-MD-E8FC21
202353MD1279-1,,323B0A-MD-E83862
202053MD1289-1,,3B0637-MD-E8324C
202253MD1058-2,,A8226D-MD-E899D8
201753MD1566-2,,E40457-MD-E84D30
202353MD1240-1,,C7026D-MD-E8881D
201753MD1012-1,,670E67-MD-E8F8BA
202553MD1091-2,,3DA26D-MD-E853C4
201953MD1142-1,,DA2625-MD-E85467
201553MD1813-1,,B7D16D-MD-E80C66
202253MD1298-1,,E60FB2-MD-E892DC
1153MD1045-2,,22BB0A-MD-E8E975
1353MD1228-2,,667C46-MD-E86C75
202553MD1498-1,,E9BB0A-MD-E8AD50
202053CMD1102-1,CE9E0A-MC-E8E64F,
201953MD1377-2,,9D7457-MD-E8A176
202053MD1192-1,,C10727-MD-E8D345
201353MD1262-1,,BB934D-MD-E8B049
201353MD1262-1,,BB934D-MD-E8B049
202553MD1852-1,,B825A9-MD-E89044
1353MD1110-2,,49FE67-MD-E8A965
202353MD1782-2,,6E987B-MD-E8EC16
201753MD1443-1,,778B0A-MD-E8B6BD
202353MD1154-2,,B9887B-MD-E84808
202153CMD1082-1,032C98-MC-E81156,
201853MD1074-2,,1FE67D-MD-E8E377
202453CMD1133-1,6F5596-MC-E80629,6F5596-MC-E80629
202253MD1128-2,,60F67D-MD-E80003
201553MD1419-2 ,,4B526D-MD-E87F1C
201753MD1550-3,,548180-MD-E84CE4 
202453CMD9999-1,AA2013-MC-E85B06,
202553MD1363-1,,684593-MD-E8FD3F
202353MD1467-1,,94D45E-MD-E85F94
1453MD1129-2,,77F457-MD-E8115B
202553MD1802-1,,F6277D-MD-E88CB4
202153CMD1147-2,C70641-MC-E81A94,
201653MD1417-2,,6E726D-MD-E8618F
202353MD1830-2,,09DDF7-MD-E84109
201553MD1820-1,,F59C46-MD-E80F37
202153MD1435-2,,FAD625-MD-E871B1
202153MD1592-2,,43177D-MD-E8DE27
202653MD1234-1,,FA0283-MD-E888A7
202153MD1631-1,,6FC4A9-MD-E8AE08
201553MD1758-1,,D3CE67-MD-E80237
202253MD1794-2,,DAD688-MD-E83F0F
202453MD1222-2,,98CE67-MD-E876B2
202353MD1681-1,,11BE67-MD-E8F212
201953MD1038-2,,A49B0A-MD-E83860
1353MD1412-2,,478B0A-MD-E8EEE0
202053MD1639-2,,541727-MD-E8DA05
1453MD1528-1,,EDBE67-MD-E8256F
202453MD1866-2,,EE6B0A-MD-E8BC89
1253MD1132-2,,461E67-MD-E8A475
202553MD1754-3,,35A87B-MD-E803BD
201753MD1170-2,,B68B0A-MD-E82D10
201753MD1733-1,,42377D-MD-E896A9
202253MD1690-2,,EE1B0A-MD-E8F8E5
202153MD1712-1,,6BE0C1-MD-E8374C
201653MD1408-2,,788B0A-MD-E8B3E6
201753MD1616-1,,667E67-MD-E8A9F4
201853CMD1062-2,901726-MC-E8AB7D,901726-MC-E8AB7D
201553MD1025-2,,F26042-MD-E8A692
202253MD1356-2,,133727-MD-E82C3D
202253CMD1037-1,EABE0A-MC-E8ADE2,
202053MD1347-1,,8C3B0A-MD-E805C0
202253CMD1037-2,50CE0A-MC-E8BD89,
202353CMD1071-1,440A25-MC-E893F3,
202053MD1137-1,,3A7B0A-MD-E8D62C
1253MD1131-2,,22F625-MD-E845CB
202553MD1084-2,,B6F576-MD-E83988
202453MD1182-2,,EF25D6-MD-E88B56
202353CMD1084-2,4AAE0A-MC-E87FA0,
201653MD1495-2,,E0F0B3-MD-E8A4CA
202253MD1931-2,,DCCD26-MD-E84436
202553MD1015-1,,6CFC86-MD-E827F1
201653MD1261-1,,8FE16D-MD-E8D1BE
201753MD1230-2,,BA7F65-MD-E8F606
202353MD1665-1,,5F9C86-MD-E8669F
201653MD1472-2,,BCF26D-MD-E8C141
202353MD1773-2,,240801-MD-E845F6
201953MD1612-2,,A2A496-MD-E836F9
202453MD1496-1,,313C46-MD-E8653D
202453MD1316-2,,1E516D-MD-E8DD56
202553MD1713-2,,7C4625-MD-E84B8C
202553MD1479-1,,95CE6C-MD-E80015
202553MD1479-2,,7BDE6C-MD-E8C473
202653MD1317-1,,FC916D-MD-E8C730
201853MD1379-2,,A64727-MD-E82D72
1453MD1356-2,,5FD727-MD-E8E036
202153MD1180-2,,C4BB0A-MD-E8B9CB
202353MD1469-1,,910DDE-MD-E8E4F5
202253MD1212-1,,05FFB2-MD-E82551 
201653MD1007-2,,D7F26D-MD-E88CB6
201753MD1587-2,,A3AB0A-MD-E844B3
202053MD1544-1,,754DB6-MD-E86834
202053CMD1110-2,63A346-MC-E8955C,63A346-MC-E8955C
201753MD1204-2,,85CB0A-MD-E85A7E
1453MD1353-2,,7A075C-MD-E84C65
202253MD1238-1,,22AB0A-MD-E8AED6
201653MD1257-2,,2B2B0A-MD-E8E86E
202653MD1206-1,,D6F95B-MD-E857FF
202253MD1380-1,,83816D-MD-E8FDC8
1353MD1416-2,,52B16D-MD-E88009
201653MD1247-1,,238D76-MD-E8D20D
201853MD1555-2,,FA7E67-MD-E8B4C4
201753MD1109-1,,2B0B0A-MD-E83128
201553MD1102-2,,147E67-MD-E8AF66
202553CMD1001-1,875A27-MC-E87C40,875A27-MC-E87C40
202453MD1332-2,,976E67-MD-E8E712
201553MD1025-2,,525042-MD-E8F73B
201853MD1229-2,,A8F486-MD-E8FC99
1153MD1038-2,,785E67-MD-E847E3
202053MD1609-1,,435E67-MD-E89FEF
202353MD1385-1,,E9FE67-MD-E8A424
201953MD1104-2,,08CB0A-MD-E81C8D
201653MD1123-1,,AB716D-MD-E8A1F1
201553MD1577-1,,66FFB2-MD-E87CE4 
202453MD1307-2,,AD7727-MD-E80176
1453MD1268-1,,E4D67D-MD-E86700
202553MD1786-1,,44C632-MD-E885C3
1353MD1232-1,,EE7B0A-MD-E8F95D
201553MD1654-1,,F79E67-MD-E80586
202453MD1699-2,,9D2922-MD-E8E552
202453MD1291-2,,06C9B7-MD-E875AC
202253MD1396-2,,1CDE67-MD-E8CD0C
202153MD1677-2,,404206-MD-E80F15
201553MD1576-1,,EBFB0A-MD-E84ADB
201553MD1680-2,,9F6E67-MD-E85C8F
202053MD1446-1,,0AF16D-MD-E898A9
202353CMD1054-2,301346-MC-E8F15C,301346-MC-E8F15C
202253MD1695-2,,1CD996-MD-E8FF80
202253MD1028-1,,6E9727-MD-E82F72
202153MD1046-1,,87FE67-MD-E8B2F9
201953MD1693-2,,FF416D-MD-E86025
202053MD1648-2,,383E67-MD-E89DC8
202353MD1099-2,,E58EC1-MD-E809E1
201653MD1139-2,,361F67-MD-E86468
210553MD1126-1,,C37496-MD-E8A1FB
202453MD1041-2,,C3EFB2-MD-E89742
201653MD1457-1,,1C8E67-MD-E8C6FE
1453MD1624-2,,2DE67D-MD-E82214
202153MD1776-1,,CEE727-MD-E8C798
202053MD1022-1,,77F67D-MD-E8C3CA
201853MD1554-1,,84EFB2-MD-E8807D
202253MD1652-1,,10887B-MD-E84FCC
202053MD1055-1,,70126D-MD-E8B9E4
201753MD1275-1,,B64E67-MD-E839A4
202653MD1292-2,,516727-MD-E898E9
201653MD1209-2,,22787B-MD-E89796
202253MD1810-3,,2FDE67-MD-E84BA3
1353MD1236-1,,7B367D-MD-E85DE4
202553MD1484-1,,4C2E37-MD-E8B0E7
1453MD1327-2,,492E67-MD-E8CA56
201953MD1525-2,,08AB0A-MD-E840FC
201853MD1423-1,,F4F16D-MD-E8717C
201853MD1616-2,,928F82-MD-E82017
202453MD1173-1,,5D65A9-MD-E88A91
202253MD1048-2,,1EE16D-MD-E8027E   
201753MD1508-2,,D4D0C1-MD-E8CE86
1153MD1226-2,,3CFE58-MD-E89FAA
201653MD1794-1,,246B0A-MD-E804E5
201553MD1384-2,,DC8B0A-MD-E850E3
202353MD1107-2,,B57727-MD-E8E224
202553MD1115-2,,0F5206-MD-E8F721
202253MD1531-2,,E0F8A0-MD-E8048C
201853CMD1044-2,1D6596-MC-E84BC8,
1453MD1206-1,,98F75C-MD-E80147
202553MD1652-1,,525B0A-MD-E88767
1353MD1031-1,,55A727-MD-E8B6D9
202453MD1780-1,,A592D7-MD-E8660F
1153MD1240-2,,8FB4EB-MD-E81BD7
1253MD1170-2,,F4667D-MD-E86D88
201553MD1741-2,,1A1B0A-MD-E8872A
201953MD1151-3,,450FF8-MD-E844A1
202353CMD1073-2,1DFA25-MC-E84BA6,
201953MD1664-2,,B4E727-MD-E8990E
201853MD1015-2,,F5B67D-MD-E88A7F
201553MD1593-1,,528206-MD-E800EE
1353MD1144-2,,5C9E67-MD-E8DE0D
1453MD1177-4,,038727-MD-E8BB1A
201953MD1584-1,,BED16D-MD-E813D4
201653MD1876-2,,CF787B-MD-E87F25
1353MD1327-2,,38DC46-MD-E85661
202053MD1307-2,,6BD77D-MD-E89583
1453MD1283-3,,466B0A-MD-E86A08
202153CMD1135-1,DC0346-MC-E88A48,DC0346-MC-E88A48
201553MD1567-2,,90DFB2-MD-E8285E
201753CMD1049-3,3DD596-MC-E8D24E,
202253MD1810-3,,2FDE67-MD-E84BA3 
202553MD1482-2,,B0B77D-MD-E87A96
202253MD1328-1,,31316D-MD-E85D70
201553MD1809-1,,41A67D-MD-E800DF
201553MD1195-1,,C9567D-MD-E8E5C5
202153MD1600-1,,B2F727-MD-E8FA57
202653MD1148-1,,600E67-MD-E8B1D1
1453MD1519-2,,34DE67-MD-E8F2F0
202453MD1254-2,,679B0A-MD-E809BF
202153MD1680-1,,3DFE67-MD-E889D0
202453MD1142-2,,DF2E67-MD-E8CDCB
202653MD1206-2,,F9795B-MD-E84944
202253MD1717-2,,FB5B0A-MD-E82222
202253MD1286-1,,EDEE67-MD-E8A814
202353MD1447-1,,082FF8-MD-E8B1E7
1353MD1373-1,,7F2496-MD-E8BC84
202253MD1458-1,,8DC0C1-MD-E85AFF
1453MD1342-1,,3BAB0A-MD-E8FD7D
202553MD1948-2,,69AB0A-MD-E827D8
202253MD1940-1,,DAEE67-MD-E849DA
201753MD1264-1,,1C87EB-MD-E820A4
201653MD1915-2,,58D67D-MD-E82D59
201753MD1498-2,,CC816D-MD-E8BB96
202353MD1098-1,,7374A9-MD-E82190
202053MD1060-2,,27867D-MD-E8D3B8
202553MD1543-2,,C8116D-MD-E88BF2
201653MD1307-2,,E1E16D-MD-E8F437
202553MD1149-2,,FAB0C1-MD-E88026
1253MD1112-3,,C94457-MD-E8EAB9
201653MD1528-1,,12426D-MD-E88F23
1353MD1290-2,,C4716D-MD-E899AA
1453MD1137-2,,C97B0A-MD-E8F28D
202153CMD1088-2,8AE346-MC-E833A7,8AE346-MC-E833A7
202153CMD1007-1,CF8E0A-MC-E82597,
201653CMD1024-1,6BFA25-MC-E8FD2D,6BFA25-MC-E8FD2D
201853MD1517-1,,72BB0A-MD-E85DD5
201653MD1169-1,,0F1C46-MD-E83647
201853MD1007-1,,76D67D-MD-E87379
201953MD1074-2,,E22627-MD-E83DCF
202053MD1150-2,,F08496-MD-E835CE
202553CMD1084-1,C76A5D-MC-E8C225,
201953MD1125-2,,B66B0A-MD-E8F492
201653MD1617-2,,F66F2B-MD-E8D34A
201753MD1549-1,,B0CFB2-MD-E87ED4
1353MD1479-2,,D8BB0A-MD-E861F9
201753MD1014-1,,800BOA-MD-E8736E
1453MD1527-2,,9BCE67-MD-E8F117
201953MD1580-1,,86FBOA-MD-E814E9
202553MD1572-2,,355B0A-MD-E89BA8
202653MD1192-1,,125EFB-MD-E8D3A5
202253MD1075-2,,16A871-MD-E8F48E
201853MD1160-2,,E4716D-MD-E83E99
201653MD1717-1,,B50503-MD-E80DE0
202353MD1464-2,,26FB0A-MD-E81FFF
202053MD1170-2,,3C0E67-MD-E852B0
201653MD1194-2,,90F53B-MD-E891F7
1453MD1216-2,,3D9206-MD-E85324
1253MD1288-2,,58C727-MD-E84AFC
202653MD1223-2,,59AE67-MD-E84523
201953MD1057-1,,D54501-MD-E81ECB
202353MD1413-1,,F8FE67-MD-E889DE
202253MD1208-2,,TEST01-MD-TEST01
202253MD1881-1,,CB1E67-MD-E8B2CC
201953MD1321-2,,62CFB2-MD-E82333 
201753MD1594-2,,B90B0A-MD-E8E7E8
202453MD1063-2,,C34496-MD-E864DD
201553MD1653-2,,B6B0C1-MD-E8F840
201753MD1581-2,,835727-MD-E834F8
201853MD1039-1,,63467D-MD-E8932C
201653MD1775-2,,AAA67D-MD-E89A26
202453MD1252-2,,DE4BOA-MD-E867EB
201853MD1120-1,,5FBE67-MD-E85624
201553MD1438-2,,16687B-MD-E84297
1453MD1489-2,,73FE0B-MD-E8BFC9
202353MD1356-2,,987B0A-MD-E82650
201553MD1255-2,,010249-MD-E82551
202053MD1215-1,,3F8B6B-MD-E83666
202253MD1813-2,,FDC16D-MD-E8CDAB
202253MD1749-2,,CF516D-MD-E8897B
202053MD1112-2,,DC6E67-MD-E862E5
202353MD1111-1,,65B67D-MD-E87B17
201753CMD1055-1,430A25-MC-E8553C,
201753MD1411-1,,03E2F7-MD-E81CF5
202253MD1133-1,,A63727-MD-E8A892
202053MD1243-1,,E601AB-MD-E88544
202153CMD1025-2,93EA25-MC-E81A43,
202553CMD1062-1,5FDA25-MC-E84241,5FDA25-MC-E84241
202053CMD1011-2,44B346-MC-E8D4EA,44B346-MC-E8D4EA
201553MD1541-1,,25716D-MD-E8A13B
201953MD1494-2,,5E767D-MD-E8F2DC
202053CMD1030-1,D6228C-MC-E8E8F9,
202453MD1349-2,,8CAB0A-MD-E84CB2
1253MD1155-1,,1E26CB-MD-E87479
202153CMD1013-2,8AEA25-MC-E8A575,
202053MD1669-1,,48916D-MD-E84974
1353MD1447-1,,12B16D-MD-E853BB
201753MD1009-1,,6B16CB-MD-E89B7F
202453MD1223-1,,53E7EE-MD-E880CC
201953MD1744-1,,121069-MD-E8D778
202553MD1268-2,,691C46-MD-E874CF
202553MD1203-1,,F39DBD-MD-E86890
202153MD1754-1,,B99E67-MD-E86DED
201653MD1906-2,,5B5625-MD-E84614
201553MD1808-1,,B04F6D-MD-E835DD
202553MD1023-2,,371FF8-MD-E8C94D
202553MD1378-2,,3FC16D-MD-E83C3C
202253MD1510-1,,D5A67D-MD-E8FEA4
201953CMD1019-2,E27E0A-MC-E816DB,
202453MD1442-2,,B29457-MD-E84648
202053CMD1071-1,888406-MC-E8FB35,
1353MD1366-1,,58D16D-MD-E86124
1253MD1154-1,,977D9D-MD-E8A2BC
202053MD1101-2,,AB216D-MD-E8A328
202153MD1570-1,,0C46C8-MD-E8AC58
202153MD1665-1,,0FF801-MD-E82728
201953MD1453-1,,F5716D-MD-E8D48A
201953MD1549-2,,7E916D-MD-E83639
202453MD1696-2,,02867D-MD-E81CC1
202253MD1287-1,,A246CB-MD-E80653
202153MD1378-1,,D55069-MD-E8724F
201653MD1821-1,,617E67-MD-E8226C
202353MD1528-1,,164F0E-MD-E8CED4
201653MD1132-2,,697069-MD-E8667F
202353MD1395-1,,49D069-MD-E86203
202253CMD1037-3,6ECE0A-MC-E83F11,
202253MD1794-1,,DAS688-MD-E83F0F
202453MD1426-1,,3BEB0A-MD-E8A30A
201753MD1037-2,,AB4069-MD-E83A2F
1453MD1562-2,,8CC16D-MD-E8896D
201953CMD1085-2,809E0A-MC-E8607B,809E0A-MC-E8607B
1453MD1222-2,,458069-MD-E87AFC
1153MD1048-2,,3A2D59-MD-E83B1E
202153MD1048-2,,AC926D-MD-E81CA5
201653MD1663-2,,7D9069-MD-E81BC7
202153MD1531-2,,CE7C46-MD-E8168B
201953MD1262-2,,A5BD59-MD-E8BD18
202253MD1887-1,,D59625-MD-E8F236
201853MD1340-2,,3A6E67-MD-E8493A
202453MD1641-2,,7A416D-MD-E85C32
202553MD1713-1,,3C96CB-MD-E87CE8
202153MD1376-1,,A6B6CB-MD-E86C57
201753CMD1008-1,818406-MC-E87A52,
202653MD1373-2,,089E67-MD-E89306
201553MD1034-2,,A7416D-MD-E81905
202453MD1541-1,,5FF069-MD-E8D426
202253MD1208-2,,BAFD59-MD-E816E6
201553MD1167-1,,F6A6CB-MD-E84EBE
202153MD1155-1,,22FB0A-MD-E899BB
1453MD1665-2,,4E7B76-MD-E829C7
202053MD1528-1,,C27F82-MD-E8E1D3
201753CMD1032-1,C77E0A-MC-E8A949,
202353CMD1081-1,9DE346-MC-E82524,9DE346-MC-E82524
202053MD1147-1,,FC54A9-MD-E8CACF
201553MD1561-1,,789625-MD-E8FA42
201753MD1299-1,,127E67-MD-E85C82
202353MD1479-2,,71777E-MD-E8E7F8
202153MD1824-2,,C0916D-MD-E80041
201853MD1187-2,,39AB0A-MD-E84491
1153MD1284-2,,6EA069-MD-E8FDBC
201753MD1522-2,,7195DE-MD-E897AD
202453MD1173-2,,5D65A9-MD-E88A91
201553MD1189-2,,80616D-MD-E82463
201853MD1222-1,,8CCD59-MD-E85DBC
201853CMD1064-2,22E596-MC-E8ADA4,
201753MD1675-2,,F8016D-MD-E82315
201853MD1249-1,,99AD59-MD-E8C9FF
201953MD1142-1,,83AE0B-MD-E868A9 
1453MD1642-1,,83AE0B-MD-E868A9 
202553MD1708-1,,D13069-MD-E8F8A6
202553MD1852-1,,B825A9-MD-E89044
202353MD1042-1 ,,53F16D-MD-E83DCC
202153MD1577-1,,00316D-MD-E81A34
201653MD1883-2,,1AD6CB-MD-E8D861 
1253MD1124-1,,BD4D59-MD-E85535
202153MD1187-2,,D5DB0A-MD-E82A46
202453MD1804-2,,34B727-MD-E845F6
202253MD1900-3,,F006CB-MD-E8930D
202253MD1900-3,,47F6CB-MD-E8AAB8
1453MD1712-1,,91AD59-MD-E8026B
201553MD1242-1,,8E3D59-MD-E825D6
202053MD1689-3,,6B0D59-MD-E86550
202453CMD1079-1,091A69-MC-E8D4E2,
201953MD1477-2,,6F84A9-MD-E896DD
202553MD1326-2,,5E6D59-MD-E8BF4A
202353CMD1124-1,F99406-MC-E82F2D,
201953MD1558-2,,9DC6CB-MD-E875F8
201953MD1547-2,,AF66CB-MD-E8E092
201853CMD1003-1,690346-MC-E877D0,690346-MC-E877D0
1153MD1225-2,,CDC67D-MD-E8D48C
202653MD1382-1,,387069-MD-E8E023
202253MD1716-2,,FA4069-MD-E8302D
202653MD1001-1,,A04069-MD-E8315C
201553MD1042-2,,20C67D-MD-E8F834
202353MD1044-1,,0B7D59-MD-E8B538
202153MD1032-2,,826B0A-MD-E81A2B
1153MD1278-3,,B0E069-MD-E849AF
201953MD1014-2,,A8467D-MD-E8AEEB
201653MD1936-1,,2BD16D-MD-E827A9
202353MD1470-1,,FBD40C-MD-E8F4C0
202653MD1227-2,,A7416D-MD-E81905
202053MD1565-2,,7CFD59-MD-E85B1D
202453MD1428-2,,C2516D-MD-E8AEDA
201953MD1118-2,,0AD6CB-MD-E864DD
202553MD1251-2,,04A80C-MD-E851E4 
202153MD1206-2,,8DCD59-MD-E894FA
202153MD1099-2,,5BF8D1-MD-E80537
202553CMD1048-2,C2A967-MC-E865FC,
201653MD1514-1,,78F77B-MD-E88116
201853MD1032-2,,3D56CB-MD-E87AA0
201853MD1636-1,,A64E67-MD-E8BA0D
202553MD1170-1,,F74D59-MD-E886CF
202053MD1090-1,,18B16D-MD-E8622E
202353MD1354-1,,46A069-MD-E87C2D
201953CMD1083-2,DC526B-MC-E8F4B3,
202253MD1514-2,,A4DD59-MD-E84A87
201753MD1706-2,,C58D59-MD-E8EF9B
201753MD1560-2 ,,B588D2-MD-E8C010 
201653MD1484-2,,BD4D59-MD-E848ED
201553MD1495-2,,95A0C1-MD-E8D017
1453MD1628-2,,FA90C1-MD-E87E27
202553MD1862-1 ,,179069-MD-E826D1
1353MD1295-1,,D6132F-MD-E8D61A
201953MD1676-1,,9F8D59-MD-E80BAE
201953MD1709-1,,2E816D-MD-E80CA1
201553MD1103-1,,27D16D-MD-E88335
202553MD1258-1,,27F16D-MD-E8A587
201753MD1500-2,,B718D8-MD-E8DE33
202353MD1488-1,,D6C16D-MD-E8E975
201753MD1337-1,,3AC069-MD-E863EF
202553MD1044-2,,66967D-MD-E83D14
202553MD1268-2,,31216D-MD-E885B5
202453CMD1116-2,6F8932-MC-E80A9B,
1353MD1356-1,,5A80C1-MD-E89E8D
202153MD1390-2,,0C1CAB-MD-E8EB54
202553MD1770-2,,52F102-MD-E8D292
202553CMD1129-1,E6CF62-MC-E85E26,E6CF62-MC-E85E26
202553MD1852-1,,554C46-MD-E873BB
201753MD1458-1,,6DE6CB-MD-E847C8
201653MD1201-1,,5C4D59-MD-E83BF9
202153MD1383-1,,851B22-MD-E870CB
202353MD1098-1,,5D35A9-MD-E8948A 
202553CMD1039-1,6F0A69-MC-E876B6,
201653MD1917-1,,EA2069-MD-E88B58
202453CMD1128-2,349967-MC-E8FE2E,
202553MD1951-2,,6326CB-MD-E8156E
201953MD1585-2,,3F16CB-MD-E84C81
201853MD1513-1,,3E0069-MD-E81739
201553MD1755-1,,FB032F-MD-E81BF7
202353MD1559-1,,5B3069-MD-E81793
202353MD1306-2,,CF253D-MD-E8D402
201653MD1078-1,,AA5342-MD-E8B0E8
201553MD1464-2,,B37069-MD-E80B95
202053MD1060-2,,27867D-MD-E8D3B8
201553MD1420-1,,8BCD59-MD-E8A6FB
202353MD1394-2,,35716D-MD-E8DC56
201753MD1567-1,,7406CB-MD-E87BE7
201953MD1413-2,,44F6CB-MD-E83885
202553MD1755-1,,D8687B-MD-E88D9A
202453MD1134-2,,3A2D59-MD-E8E674
202453MD1356-1,,6EF6CB-MD-E89914
202353MD1470-1,,2C1E92-MD-E8740A
202253MD1087-2,,E69D59-MD-E88275
1353MD1452-2,,F1F75C-MD-E85DB3
201853MD1620-1,,70116D-MD-E8B726
201853MD1502-1,,C876CB-MD-E802DC
202453MD1279-2,,50616D-MD-E87FE5
201953MD1085-1,,CC6F65-MD-E8C96D
201953MD1536-2,,D4EC46-MD-E87D39
201953MD1620-1,,414069-MD-E8FE68
202353MD1785-1,,529D0B-MD-E86595
202553MD1574-2,,F06069-MD-E89E97
201653MD1240-2,,BCC7BD-MD-E8EFA7
202553MD1377-1,,B2416D-MD-E89DA6
202253MD1119-1,,44616D-MD-E89123
202353CMD1085-2,B9F969-MC-E865FF,B9F969-MC-E865FF
202453CMD1061-1,809406-MC-E87AFC,
1353MD1163-1,,1C4C23-MD-E8B285
201853MD1275-2,,ACB6CB-MD-E84653
202053MD1386-1,,0F3D59-MD-E8767F
201953MD1050-1,,56A6CB-MD-E800D3
202053MD1139-2,,33BFB2-MD-E88388 
201653MD1664-1,,E08069-MD-E8EA1C
202053MD1380-1,,0FC069-MD-E8F55E
202453MD1449-1,,747013-MD-E8C593
201953MD1066-1,,AEC6CB-MD-E818BB
1353MD1222-1,,7B516D-MD-E8D44F
202353MD1074-2,F97D59-MD-E8B80A,F97D59-MD-E8V80A
202253MD1351-2,,3E216D-MD-E86DAF
202053MD1639-1,,6BFD59-MD-E8C1A0
201953MD1302-1,,C21457-MD-E8530E
201853MD1097-1,,7374A9-MD-E82190
1453MD1366-2,,3F35A9-MD-E87E9D
202453CMD1127-1,DF9967-MC-E8E48E,
202153MD1803-2,,AF2727-MD-E8DEA4
202153MD1615-2,,364D59-MD-E83FCB
201953MD1532-3    ,,EC8994-MD-E83CCB
1053MD1034-1,,AC45D4-MD-E8E825
202453MD1296-1,,9B9069-MD-E892AE
202553MD1079-2,,E955A9-MD-E809FO
202453MD1832-1,,B9A484-MD-E86D17
1353MD1342-2,,2D60B4-MD-E886C5
201953MD1476-2,,C5E16D-MD-E81475
202053MD1112-2,,BFA6CB-MD-E87194
202153MD1457-1,,5CE069-MD-E8E1A6
202053MD1404-1,,7F96CB-MD-E8A4FB
1453MD1666-2,,1F0CAB-MD-E8404E
201753CMD1617-1,C34346-MC-E8D6B6,C34346-MC-E8D6B
201553MD1044-2,,4A616D-MD-E8B4C7
202253MD1794-1,,849974-MD-E8E117
202553MD1541-2,,650B0A-MD-E82E2F
1253MD1326-2,,D5D6CB-MD-E82CBB
1353MD1125-1,,9DE6CB-MD-E8241E
202053MD1604-2,,B60B0A-MD-E87C5D
1153MD1355-2,,87516D-MD-E811E2
202153CMD1073-1,AF8967-MC-E8771F,
201553MD1077-1,,3DF66E-MD-E89D5F
201753MD1228-1,,0AE069-MD-E8573B
202253MD1730-2,,FDC67D-MD-E8A9B9
202153MD1175-2,,F7E16D-MD-E8E842
202553MD1743-1,,283069-MD-E8EE98
201653MD1246-1,,BB6B76-MD-E8588F
201653MD1662-1,,C2816D-MD-E8D63B
201553MD1646-1,,D7116D-MD-E84B6E
201653MD1876-2,,B0587B-MD-E8B616
202153MD1181-2,,B03069-MD-E8D71E
1153MD1278-2,,5BD069-MD-E856EA
201653MD1684-1,,C2A069-MD-E8DAD5
202553MD1854-2,,066F82-MD-E8BF43
201553MD1145-2,,290457-MD-E83161
1453MD1118-1,,F776CB-MD-E80118
202253MD1779-2,,B96D36-MD-E8719D
202553MD1858-1,,4D6004-MD-E8DCC3
202053CMD1034-2,B3FD86-MC-E8AE27,B3FD86-MC-E8AE27
201853MD9999-4,,B638BD-MD-E89B15
202053MD1267-2,,36116D-MD-E8B063
1053MD1051-1,,7B216D-MD-E86C69
201653MD1386-1,,641069-MD-E8EA65
201953MD1054-2,,A228BD-MD-E80B53
1353MD1449-2,,6C3D59-MD-E83A33
202053CMD1082-1,516A14-MC-E83F5B,
202253MD1861-1,,484B0A-MD-E8C215
202053MD1147-1 ,,FC54A9-MD-E8CACF
201853MD1270-2,,4F56CB-MD-E82845
202453CMD1092-2,9D7967-MC-E847BB,
1253MD1057-2,,2D86CB-MD-E8DE2E
202353MD1448-1,,2BFFF8-MD-E8DC11
202053CMD1013-1,16A596-MC-E89461,
201953MD1224-1,,70FCAB-MD-E8833B 
201653MD1378-2,,E87496-MD-E88D4A
201653MD1196-2,,63A727-MD-E8AF35
1453MD1006-1,,A41D59-MD-E80F1C
201653MD1240-2,,AC9616-MD-E8812B
201953MD1037-2,,26FD59-MD-E8F289
202353MD1467-2,,2A8F16-MD-E8A30D
201853CMD1045-1,B606A7-MC-E8A226, 	  B606A7-MC-E8A226
201753MD1532-1,,2B61DC-MD-E81550
202253MD1901-2,,BF56CB-MD-E834E1
201553MD1087-1,,8166CB-MD-E839EA
1153MD1004-3,,6CE77B-MD-E8D60A
201653MD1833-1,,0216CB-MD-E87471
201953MD1437-1,,65CEC7-MD-E848A6
201753CMD1054-2,BF7346-MC-E808F4,BF7346-MC-E808F4
201753MD1230-1,,9D6F65-MD-E85FBF
202353MD1056-1,,41316D-MD-E8109F
201553MD1129-2,,00F6CB-MD-E870A4
202353MD1005-2 ,,7E95A9-MD-E816CC
1453MD1563-2,,7E95A9-MD-E816CC
202553MD1894-2,,F2A457-MD-E88DA6
1153MD1284-1,,F6C069-MD-E89E16
202353MD1150-2,,0D14A9-MD-E81FC9
202353MD1345-2,,2FDA82-MD-E8C570
202053MD1625-2,,3CB16D-MD-E8FC81
201753MD1002-2,,FBDD17-MD-E8B82E
1253MD1059-2,,F4D6CB-MD-E8DA34
201953MD1188-1,,90FCAB-MD-E8503A
202253MD1041-2,,49E77B-MD-E876E2
202053CMD1016-1,89C969-MC-E8D687,
1153MD1158-2,,83D6A8-MD-E81AE7
202353MD1593-1,,F0B1A2-MD-E8E9E2
202453MD1464-1,,4BF3BB-MD-E8483B
1353MD1196-3,,59016D-MD-E8AD75
202253MD1888-1,,D155A9-MD-E81426
202253CMD1074-2,C85346-MC-E875CF,C85346-MC-E875CF
201553MD1681-1,,911B82-MD-E8ECB8
1353MD1110-1,,B8E6CB-MD-E82F7A
201653MD1780-2,,590B0A-MD-E8927B
201653MD1795-3,,A9CDFD-MD-E87BF2
201553MD1022-2,,6001A2-MD-E83F13
202353CMD1074-2,40A406-MC-E8662D,
201653MD1378-2,,045D59-MD-E8C2BE
202353MD1147-2,,BDA16D-MD-E83451
201853MD1467-2,,35F1AB-MD-E8CC09
202153MD1227-2,,7AD1A2-MD-E8C4C6
202053MD1708-1,,2B91A2-MD-E83A9A
202153MD1335-1,,DD36CB-MD-E89A57
201853CMD1007-1,BED969-MC-E8A47A,
1453MD1589-2,,0906CB-MD-E8D4BC
202453MD1501-1,,21CE0B-MD-E82354
202253MD1438-2,,7FD16D-MD-E829BF
201953MD1048-1,,48B1A2-MD-E8BCD0
202453MD1597-2,,C811A2-MD-E8A992
201553MD1789-1,,F0C1A2-MD-E80115
202353MD1005-2,,1BB148-MD-E87406
201753MD1626-2,,7446CB-MD-E8CA22
202453MD1033-2,,3CF1A2-MD-E81EDC
1453MD1178-1,,B9A1A2-MD-E8CA36
202053MD1020-2,,97AA7F-MD-E8CD31
202553MD1079-2,,F48148-MD-E804EF
202253MD1756-1,,73F1A2-MD-E8986D
201853MD1097-1,,4AF048-MD-E80B41
201653MD1356-2,,5D2148-MD-E837BC
202253MD1007-1,,209FA4-MD-E8369F
202353MD1068-2,,D24148-MD-E8E73C
202453MD1501-1,,F8C6CB-MD-E83CB6
202253MD1888-1,,256148-MD-E801AC
202553MD1468-2,,EBBC79-MD-E8CB94
201653MD1844-1,,4BD1A2-MD-E8E24B
1453MD1003-1,,EB1869-MD-E8A2D4
202253CMD1010-1,FE7F8B-MC-E85F5E,
201653MD1086-2,,780632-MD-E84CE5
202253MD1764-1,,B076CB-MD-E8C789
201553MD1520-2,,E52142-MD-E857AF
202253MD1824-1,,393172-MD-E814D6
201753MD1046-2,,18DA82-MD-E84C59
1453MD1313-1,,B11172-MD-E8DB2E
1253MD1076-1,,B0587B-MD-E8B616
202353MD1028-1,,CB4172-MD-E87404
202553MD1182-1,,D62148-MD-E85F8F
202253MD1007-1,,C55F82-MD-E8B8CF
201953MD1342-2,,9F7148-MD-E822FD
202253MD1006-1,,A4B048-MD-E834C2
202353MD1150-2,,599048-MD-E8A1D3
202253CMD1080-1,1AB8F9-MC-E8BB56,
202153MD1584-2,,41F16D-MD-E83136
201953MD1040-2,,5D61A2-MD-E8B978
202353MD1847-2,,B4A048-MD-E852A3
202353MD1162-2,,4A3D59-MD-E841C8
202053MD1210-1,,3F81A2-MD-E8AD05
201753MD1506-2,,BB86CB-MD-E8DD2A
202253MD1944-1,,3FB289-MD-E80BF7
202353CMD1126-2,889406-MC-E8336D,889406-MC-E8336D
202153MD1623-1,,222172-MD-E822FE
1153MD1080-1,,CB6048-MD-E8EF20
202453MD1881-2,,CB8048-MD-E840F1
202353MD1356-1,,A961A2-MD-E86643
1453MD1177-3,,B5BA82-MD-E82195
202353MD1634-1,,DE6F65-MD-E82E8C
202353MD1537-1,,144318-MD-E8A64D
201953MD1273-1,,B56307-MD-E835E4
201553MD1325-1,,F7A1A2-MD-E81E80
201653MD1942-2,,565148-MD-E85455
201653MD1408-2,,BCED59-MD-E85B9A
202053MD1020-2,,78D801-MD-E81AAF
201653MD1553-2,,CDF048-MD-E8534B
202353CMD1135-2,7C7967-MC-E85D9C,7C7967-MC-E85D9C
202453MD1879-2,,B638BD-MD-E89B15
201953MD1407-2,,D6C26D-MD-E8A555
202553MD1575-2,,F451A2-MD-E89863
201853MD1547-1,,DB4172-MD-E8731D
1353MD1237-3,,271509-MD-E8B6ED
1253MD1028-2,,A0AA82-MD-E8DE95
1353MD1274-1,,944172-MD-E8403D
123453MD1234-1,,123456-MD-123456
202053MD1650-2,,60A6CB-MD-E8731D
201553MD1028-1,,DBE1A2-MD-E8F48D
202153CMD1064-1,B1A969-MC-E8CA95,
202553MD1499-2,,C25F82-MD-E82B8D
202453CMD1035-1,6EB406-MC-E88E56,
201853MD1266-1,,8B51A2-MD-E81A21
201753CMD1054-1,D29CB9-MC-E849AC,D29CB9-MC-E849AC
1053MD1022-2,,701C46-MD-E8F1B6
202053MD1665-1,,B19625-MD-E84CB1
202353MD1189-1,,DE0048-MD-E8D8F4
201853MD1186-1,,DD6069-MD-E8E9F7
202353CMD1117-2,C962A9-MC-E8CA7A,
201753MD1036-2,,D99A22-MD-E8A595
1453MD1331-1,,E61048-MD-E80F73
202453MD1253-2,,0531A2-MD-E80565
202153CMD1111-2,05F346-MC-E83A43,05F346-MC-E83A43
202053MD1595-2,,0641A2-MD-E801B3
201753MD1145-1,,E67048-MD-E8AACC
201953MD1100-1,,66CA82-MD-E8B256
202453MD1310-2,,A49B0A-MD-E83860
202253CMD1031-1,82EEAD-MC-E8A2FA,
201953MD1113-2,,048048-MD-E857D6
202053MD1366-1,,2D06CB-MD-E84E58
201953MD1113-3,,F38048-MD-E8E8EA
202153MD1535-1,,82A048-MD-E81F11
1353MD1179-2,,03F069-MD-E8A020
202553MD1108-1,,44D5CB-MD-E8B321
201753CMD1037-1,C8A596-MC-E84630,C8A596-MC-E84630
201753CMD1072-1 ,7698C4-MC-E808BA,7698C4-MC-E808BA
202353MD1842-1,,F02048-MD-E87B8E
1453MD1136-2,,3C3172-MD-E8AC5E
201653MD1598-2,,7CD5CB-MD-E83CE0
202353CMD1090-2,EC8346-MC-E86C9A,EC8346-MC-E86C9A
201653MD1501-2,,A201A2-MD-E80E57
202153MD1675-2,,4CE5A9-MD-E8D9C0
201653MD1054-2,,441BD2-MD-E847A8
1453MD1245-2,,3F56CB-MD-E8F8F7
202653MD1272-2,,A746CB-MD-E846F4
202253MD1214-2,,FF41A2-MD-E82387
202053MD1684-2,,1F18BD-MD-E87EB6
202453MD1293-2,,F616CB-MD-E8FA96
202153MD1735-2,,7C1172-MD-E88807
202053MD1601-2,,C86048-MD-E83F76
1453MD1201-2,,D285A9-MD-E8B143 
202653MD1115-1,,F08172-MD-E8726F
201653MD1342-2,,D37D59-MD-E88E49
202453MD1182-1,,E5CDDD-MD-E8C67E
202453MD1887-1,,1A81A2-MD-E8ABEE
202353MD1097-1,,9E5048-MD-E84503
1153MD1128-1,,7347CC-MD-E8E83D
201953CMD1074-1,ACC596-MC-E802E5,
201553MD1736-2,,A25069-MD-E8C78D
202153MD1776-2,,AA6172-MD-E84648
202453MD1052-2,,E495CB-MD-E848C6
1453MD1300-1,,68767D-MD-E87F46
1253MD1317-2,,853CCD-MD-E849FB
201753MD1299-2,,FAA5CB-MD-E81A53
201753MD1222-1,,4BB5CB-MD-E8B3A3
201553MD1514-3,,7321A2-MD-E87771
202453MD1333-1,,FEA727-MD-E88125
202253MD1095-1,,4A5172-MD-E8CFCE
201853MD1566-1,,850172-MD-E8B9AB
202153CMD1098-2,C0B5FD-MC-E89386,
201753MD1420-2,,C582AD-MD-E8024C
201653MD1642-3,,8AC76D-MD-E8C4C6
201653MD1675-3,,F84048-MD-E851C5
201653MD1532-1,,4E7172-MD-E824D9
202653MD1241-1,,FF4B7D-MD-E86261
201753CMD1013-1,516967-MC-E86948,516967-MC-E86948
202353MD1370-1,,C640ED-MD-E85D63
202553MD1086-3,,C685CB-MD-E8E0FC
201653MD1315-2,,B0DE67-MD-E89D4E
1053MD1072-2,,BF76CB-MD-E8116C
202553CMD1006-2,36FEAD-MC-E82C3C,
1453MD1675-2,,AAD1A2-MD-E87500
1453MD1588-2,,BAA5CB-MD-E8879D
202153MD1030-2,,E7EECD-MD-E8D8D6
202453MD1153-2,,367172-MD-E8D154
201953MD1371-4,,25E048-MD-E87430
202253CMD1115-1,1C9016-MC-E8DDEE,
202153MD1845-2,,D0A457-MD-E848D6
202253MD1828-1,,12D457-MD-E85F18
1453MD1334-2,,AF75CB-MD-E80A59
1153MD1038-1,,8C65CB-MD-E80E18
202053CMD1020-1,819A69-MC-E83036,819A69MCE83036
202453MD1469-1,,B1F1A2-MD-E81249
1453MD1160-1,,256A82-MD-E8D427
1353MD1120-2,,DC6D59-MD-E89E7A
1353MD1158-2,,F95A82-MD-E896B5
201853MD1284-1,,D1967D-MD-E89D46
202153MD1828-1,,05C16D-MD-E85B47
202353MD1872-1,,C9F1A2-MD-E8EE62
201853MD1090-1,,A3F8BD-MD-E877F1
202453CMD1119-2,3D12FD-MC-E82D1A,
202253MD1353-1,,3A4048-MD-E8B71E
202253MD1683-1,,8C0069-MD-E896AB
202053MD1665-2,,1285CB-MD-E8BA60
201553MD1468-2,,2D45CB-MD-E84858
201653MD1137-3,,D05A82-MD-E86BF9
202453MD1534-1,,5D36CB-MD-E82084
202153MD1680-2,,BA35CB-MD-E82436
202153MD1504-1,,607A82-MD-E89826
202353MD1785-1,,A335CB-MD-E81AE4
202453MD1592-1,,3FCA82-MD-E8CE85
202553MD1395-2,,EE9827-MD-E890AF
202253MD1393-2,,D691A2-MD-E89C4A
202453MD1576-1,,83C1A2-MD-E88C1E
1453MD1628-1,,54F8BD-MD-E8167E
201853MD1355-2,,316048-MD-E8B97C
201653MD1054-2,,98A20E-MD-E8C290
1353MD1343-1,,5DD5FE-MD-E891D5
1153MD1128-1,,7347CC-MD-E8E83D
201953MD1709-2,,6E3048-MD-E8898C
202353MD1372-2,,53B4A9-MD-E8AC66
1153MD1339-1,,1AECAB-MD-E83EC8 
202253MD1810-3,,F1E5CB-MD-E8F100
202253MD1810-3,,F1E5CB-MD-E8F100
202253MD1153-2,,3F708E-MD-E8D21D
202453MD1351-2,,DB0048-MD-E81151
202453MD1593-2,,A5C1A2-MD-E8AC96
1353MD1206-1,,A5C1A2-MD-E8AC96
201753MD1040-1,,3123AE-MD-E8294B
1353MD1316-2,,58479E-MD-E8EC5B
202353MD1025-1,,7ABC98-MD-E89DC7
1353MD1045-1,,C3FA82-MD-E8E0B2
201553MD1333-1,,B21B21-MD-E8A108
202553MD1695-1,,697048-MD-E8AF5A
202353MD1073-2,,9636CB-MD-E8382D 
202253MD1130-2,,D7E1AB-MD-E8E328
202453MD1588-2,,F20172-MD-E88F33
202253MD1887-2,,8986CB-MD-E85556
202553MD1755-1,,B0587B-MD-E8B616
202653MD1029-2,,8B3048-MD-E80A98
202253CMD1037-1,7FCE0A-MC-E81D28,
201553MD1476-1,,F4B1A2-MD-E8BBBE
201553MD1224-2,,3891CE-MD-E8791D
201553MD1629-2,,5FF048-MD-E84E7D
202453MD1653-1,,8A1048-MD-E8C52F
201753MD1587-3,,7591A2-MD-E8FA98
202653MD1047-1,,BD8ADD-MD-E86160
202553MD1872-2,,8E5048-MD-E88AFD
202353MD1218-2,,7C2048-MD-E83A95
202153CMD1106-2,FA5346-MC-E88BD9,FA5346-MC-E88BD9
202653MD1264-1,,D7E1AB-MD-E8E328
202653MD1118-2,,DC3A82-MD-E82F04
201953MD1536-2,,B8E048-MD-E89174
202553MD1305-2,,FF25A9-MD-E8675E
202253MD1458-1,,1BE8BD-MD-E88408
1453MD1011-1,,E871A2-MD-E816C2
201753MD1288-2,,9761A2-MD-E89AD1
201553MD1299-2,,40A1A2-MD-E8C930
201653MD1417-1,,980048-MD-E88353
202253MD1260-2,,8815CB-MD-E85C65
1453MD1655-3,,ADE172-MD-E866EB
202453MD1579-2,,160048-MD-E89794
201753MD1666-1,,713048-MD-E8526C
201853MD1503-2,,7555A9-MD-E80915
1153MD1243-2,,1BD1A2-MD-E8D295
201753MD1653-1,,EB5B82-MD-E84CAF
1453MD1111-1,,EFEB0A-MD-E8D536
202453CMD1001-2,D0817D-MC-E8807D,
201753MD1423-1,,EACD06-MD-E8FAF5
202553MD1155-2,,F4C26D-MD-E8F359
201953MD1744-2,,121069-MD-E8D778
202353MD1418-1,,452B82-MD-E8F513
201653MD1150-1,,25587B-MD-E8C26D
202153MD1339-1,,01E8BD-MD-E8C8E5
201753MD1731-2,,C50B82-MD-E80018
202353MD1434-2,,7A62C1-MD-F86C56
201953MD1711-2,,6CA1A2-MD-E8FC9B
202353MD1190-2,,83E75C-MD-E8F0C1
202453MD1188-1,,D826CB-MD-E83B6C
202653MD1376-2,,E726CB-MD-E865F9
202353MD1057-1,,AE51A2-MD-E8DD3D
202153MD1685-1,,F23A71-MD-E8B5B5
202353MD1515-2,,CC9048-MD-E87532
1453MD1426-2,,0EE1A2-MD-E8D8D2
201753MD1550-2,,C8AC51-MD-F8862A 
1253MD1134-3,,70CE67-MD-E83089
202553MD1321-1,,4361A2-MD-E8E002
202453MD1033-1,,4581A2-MD-E89F25
202653MD1032-2,,F81727-MD-E8658F
201653MD1026-1,,9501A2-MD-E8C15D
202253MD1150-1,,C604A9-MD-E8B8F4
1453MD1559-1,,A1F457-MD-E835CE
202053MD1243-1,,E601AB-MD-E88544
202353MD1558-2,,08ED59-MD-E8EDE8
1253MD1116-1,,C7C048-MD-E8FF45
201553MD1255-1,,010249-MD-E82551
202453CMD1099-2,B50EAD-MC-E82E18,
202453MD1599-2,,DDB048-MD-E8D209
202453MD1783-2,,B6E5CB-MD-E86639
202353MD1236-2,,52E24C-MD-E818BB
202553MD1906-2,,D165CB-MD-E804C9
202153MD1547-2,,E322CE-MD-E8C956
202253MD1555-4,,4AF5CB-MD-E89446
201653MD1068-1,,62D5CB-MD-E831AD
201753CMD1031-1,EE6C81-MC-F864C1   ,
202653MD1063-2,,95E5CB-MD-E8EE6D
202253MD1646-2,,EF6048-MD-E8A970
1453MD1301-1,,D65D59-MD-E82C28
202453MD1270-1,,322BOA-MD-E863BB
202653MD1188-2,,F75B82-MD-E8EDA9
1453MD1369-1,,CB9362-MD-F829F5
201553MD1655-2,,531E67-MD-E83B79
201553MD1529-1,,588728-MD-E806C6
202453CMD1101-2,FE5152-MC-F8A4A2, 	  FE5152-MC-F8A4A2
201853MD1125-1,,695D59-MD-E8FF15
202653MD1317-2,,FC916D-MD-E8C730
1453MD1261-2,,FD25A9-MD-E8C6CF
202253CMD1001-1,069346-MC-E8E5C3,069346-MC-E8E5C3
202453MD1710-2,,047048-MD-E8BCF8
202253MD1123-1,,07F048-MD-E82FD9
202253MD1360-2,,14D048-MD-E8B868
201653MD1817-2,,CFC048-MD-E83BA4
201653CMD1074-1,2A1EAD-MC-E8E244,
201753MD1351-2,,DBC5CB-MD-E80AE3
1453MD1517-2,,6CB24C-MD-E85F44
202053MD1225-2,,EDDCAB-MD-E814DE
202553MD1973-1,,6FE1F8-MD-E87B84
202153MD1628-2,,95C172-MD-E8FCC6
202453MD1431-1,,9F4B82-MD-E8FB8D
202353MD1276-2,,0A8048-MD-E85F95
201953CMD1028-2,22A346-MC-E8390F,
201653MD1878-2,,193048-MD-E8FA31
202353MD1382-1,,D21048-MD-E8DBF0
202353MD1774-2,,B76B82-MD-E8F462
202453MD1063-2,,97D172-MD-E8A41C
1453MD1330-1,,66AB82-MD-E8A3B6
202253MD1433-2,,5500E3-MD-F8BE26
201553MD1573-2,,0B1B0A-MD-E8CBCD
1253MD1106-1,,BA71A2-MD-E87067
201753MD1534-1,,09A5CB-MD-E84794
202453MD1636-2,,4BA048-MD-E86EB8
202253MD1670-2,,43B801-MD-E89901
202453MD1587-1,,4C7048-MD-E829FB
202553MD1646-1,,3CDD59-MD-E87FFA
202353MD1469-2,,4B7963-MD-F8D3F7
202353MD1075-2,,47D048-MD-E8F10F
202053MD1577-2,,7DFA82-MD-E8B114
202053MD1676-2,,A37CD3-MD-F833E3
202553CMD1089-1,C69F65-MC-E89867,
1453MD1200-2,,DC62E2-MD-F8E71E
202453MD1780-1,,A592D7-MD-E8660F
201753MD1566-1,,E40457-MD-E84D30
202453MD1279-1,,50616d-MD-E87FE5
202453CMD1012-2,2A6A69-MC-E83446,
201853MD1503-1,,B39048-MD-E84470
202253MD1639-2,,4995CB-MD-E8CBEC
202453MD1590-1,,C1CB82-MD-E8022F
202453MD1709-1,,635F83-MD-F801FB
201953MD1733-1,,94C801-MD-E8841F
202253MD1910-3,,4095CB-MD-E8BFA8
202153CMD1147-1,C70641-MC-E81A94,
202153MD1371-2,,04CCAB-MD-E80699
201953MD1591-2,,F7A5CB-MD-E81EB0
201753MD1394-1,,51E533-MD-F81047
201653MD1025-1,,18FD53-MD-F8C3BF
201653MD1025-2,,160D53-MD-F8C6F8
202153MD1631-2,,6FC4A9-MD-E8AE08
202253MD1848-1,,0CB332-MD-F8589B
202553MD1428-2,,05016D-MD-E81159
201653MD1984-2,,13E048-MD-E8695F
201853MD1452-1,,710069-MD-E85472
201853MD1452-1,,710069-MD-E85472
202353MD1082-1,,618E67-MD-E82CA4
202553CMD1057-2,C17C81-MC-F84392,
202453MD1346-2,,E7824C-MD-E8E075
201853CMD1068-2,308346-MC-E874F5,308346-MC-E874F5
1153MD1128-2,,7347CC-MD-E8E83D
1053MD1076-3,,27824C-MD-E83DBD
1153MD1065-2,,A39C63-MD-F8903C
202353MD1410-1,,13BB82-MD-E8CFCF
1353MD1069-2,,B13B82-MD-E88D39
201553MD1555-2,,4985CB-MD-E8F041
1453MD1686-1,,873842-MD-F8B352
202553CMD1089-1,C69F65-MC-E89867,
202553MD1194-2,,664A82-MD-E859C8
201653MD1838-1,,9B324C-MD-E8D2A4
202453CMD1118-1,3E4346-MC-E873AD,
1453MD1643-1,,AA7B82-MD-E80EDA
202353MD1474-2,,975F65-MD-E8D67E
1353MD1447-2,,34A16D-MD-E89939
201853MD1278-2,,34DB82-MD-E8D322
202653MD1264-1,,25E1AB-MD-E8B5A5
202453MD1537-1,,FD7C16-MD-E8234A
202253MD1355-2,,ADEB82-MD-E86FB2
201653MD1258-2,,A59048-MD-E8CC52
201653MD1260-1,,E5624C-MD-E87AEC
1453MD1284-1,,31724C-MD-E8CA73
202353MD1201-2,,9A1727-MD-E8BF9B
201953MD1079-1,,A8DB2E-MD-E85418
202553MD1691-1,,131801-MD-E8613A
202253MD1651-2,,AC487B-MD-E8B1F7
202053MD1569-2,,D71048-MD-E8EB31
202553CMD1119-2,7E1E73-MC-F8CF0D,
201753MD1230-2,,E75F65-MD-E8758B
202553MD1674-1,,2E7AD4-MD-F8B603
202553MD1852-2,,C9C048-MD-E8A1E3
202353MD1431-1,,AD924C-MD-E860E8
202253MD1147-1,,671B82-MD-E80806
201553MD1002-2,,426F67-MD-E8A37F
202553MD1590-2,,8A4F67-MD-E8418E
1153MD1093-2,,D29B82-MD-E8A454
202153CMD1079-2,346346-MC-E87C19,346346-MC-E87C19
1353MD1171-2,,D9224C-MD-E830B0
202253MD1150-2,,0C1048-MD-E84E08
202353MD1287-1,,FCA048-MD-E88552
201953MD1030-2,,CFFB82-MD-E851E2
202253MD1152-1,,977881-MD-E89F15
202353MD1492-2,,852B82-MD-E8D43E
201753CMD1047-1,BD4C7E-MC-E86700,BD4C7E-MC-E86700
202553CMD1043-1,485A69-MC-E8BFDA,
201953MD1628-1,,CB167D-MD-E843BE
201553MD1189-1,,1F6048-MD-E8CE1C
1453MD1189-2,,CAA233-MD-F8A0E3
201953MD1744-2,,F8F24C-MD-E8DD44
202153MD1207-1,,5C4F65-MD-E86C26
202653MD1317-2,,4D4048-MD-E81117
202253CMD1051-1,4D2EAD-MC-E86771,
202053MD1640-2,,38E048-MD-E8BBB5
201853CMD1010-2,F03346-MC-E8E62F,	 F03346-MC-E8E62F
202353MD1720-2,,9C2048-MD-E84867
202053MD1649-2,,73E24C-MD-E80FC8
202553MD1899-1,,B28B82-MD-E82D66
202053CMD1108-2,273EAD-MC-E88F47,
202153MD1104-2,,33124C-MD-E8F93D
202153MD1297-2,,08B727-MD-E87C08
202253MD1945-1,,E7B048-MD-E82DC0
201953MD1180-2,,91F069-MD-E8F6FF
1453MD1366-2,,EFB16D-MD-E80950
202153MD1551-1,,C02069-MD-E89484
202453CMD1129-2,326AC7-MC-E8D76E,
1453MD1015-3,,F9216D-MD-E8133F
201853MD1111-2,,2A9DBC-MD-E8D915
202553MD1305-2,,651048-MD-E88DEA
202253MD1481-1,,572048-MD-E84E78
1453MD1029-2,,78B048-MD-E83278
202253MD1230-2,,A1D3BE-MD-E8C581
201953MD1100-2,,856A82-MD-E8807E
201553MD1517-2,,3FB172-MD-E8728C
202253MD1916-2,,F7924C-MD-E8F3DF
201653MD1398-1,,B356CB-MD-E8C2FA
202053MD1014-1,,B9E3BE-MD-E83C73
202553MD1325-2,,3DD24C-MD-E82FE8
201853MD1174-1,,92316D-MD-E86636
201653MD1787-2,,BA267D-MD-E82B23
202453MD1442-1,,EFF457-MD-E8EAF2
202453MD1241-1,,6D4048-MD-E8534B
202353MD1021-2,,264F65-MD-E84F5E
1153MD1170-1,,640D59-MD-E86925
201753MD1422-2,,88FF87-MD-F8F72E
202253MD1556-2,,F1B2BD-MD-E8824E
1153MD1271-1,,114F82-MD-E8FF30
201953MD1188-1,,90FCAB-MD-E8503A
202453MD1173-2,,916048-MD-E86E1D
201653MD1067-1,,2B3048-MD-E8B30E
201953MD1491-1,,9DE048-MD-E86AC9
202053MD1383-2,,E575CB-MD-E8B167
202053CMD1009-1,D26A57-MC-F87F40,D26A57-MC-F87F40
202153MD1019-1,,3F1727-MD-E853BC
1453MD1431-1,,B4B3BE-MD-E88348
201653MD1618-1,,44D048-MD-E85E44
202553MD1108-1,,44D5CB-MD-E8B321
201653MD1828-1,,9B324C-MD-E8D2A4
202353MD1107-2,,0B924C-MD-E8279F
202453CMD1113-2,FA4A69-MC-E82662,
202353MD1045-1,,DEC048-MD-E8F80C
1453MD1582-1,,BC8DBC-MD-E89344
202453MD1330-1,,B17DBC-MD-E83A0C
202253MD1051-1,,E8934C-MD-E8A7FC
1253MD1224-1,,30734C-MD-E84AD5
201853MD1346-1,,0EE577-MD-F8C645
201853MD1243-2,,59624C-MD-E83B2E
1153MD1261-2,,17024C-MD-E804F7
202153MD1831-1,,7F9CAB-MD-E8818A
202553MD1283-2,,96824C-MD-E88E1E
202353MD1154-1,,F2487B-MD-E810B4
201553MD1808-6,,3851B8-MD-F8D24C
202153MD1831-2,,968CAB-MD-E832E3
1453MD1489-1,,73FE0B-MD-E8BFC9
202553MD1635-1,,C97B82-MD-E8DF3B
202453MD1636-1,,4BA048-MD-E86EB8
201853MD1299-2,,6952BD-MD-E8ECA4
202653MD1373-1,,78D2BD-MD-E869BC
202053MD1252-1,,4B3F82-MD-E8FCC8
201753CMD1079-2,439346-MC-E82563,439346-MC-E82563
202353MD1670-1,,FFD3BE-MD-E820A1
201753MD1283-2,,26487B-MD-E8EC90
201753MD1566-1,,817DBC-MD-E8435E
1353MD1041-1,,F2FB94-MD-F86469
202053MD1609-2,,38E2BD-MD-E8EECF
1253MD1002-2,,0792BD-MD-E8208C
202153CMD1147-1,F510C7-MC-F82C22,
202353MD1368-1,,C2C117-MD-F83CD6
202253MD1387-1,,41B048-MD-E893C6
202053MD1681-1,,C2C117-MD-F83CD6
202153MD1731-2,,4F7048-MD-E8B7FF
202553MD1175-1,,6E7616-MD-E8C59D
201753MD1031-2,,9A6069-MD-E8A5E6
201753MD1618-2,,1B124C-MD-E8755F
202253MD1347-2,,1B11A2-MD-E84C86
202253CMD1037-3,0FDE0A-MC-E8EA2B,
202153CMD1135-2,425346-MC-E87930,
1353MD1314-1,,F7E3BE-MD-E8B9F5
201653MD1933-1,,6205CB-MD-E8EE77
201853MD1092-3,,F0724C-MD-E8F6D0
201753MD1437-2,,94F048-MD-E8E22E
201953MD1538-2,,7A4727-MD-E875E1
202153CMD1108-2,8CC596-MC-E87D01,8CC596-MC-E87D02
202253MD1256-2,,8F42BD-MD-E81368
202053MD1501-1,,E615CB-MD-E8330B
202153MD1157-1,,66CA7F-MD-E8CD69
201653MD1157-2,,8BF24C-MD-E88070
1353MD1077-2,,F922BD-MD-E89FA1
202353CMD1123-2,C65967-MC-E83EB4,
202153CMD1040-2,586346-MC-E8DF9C, 	  586346-MC-E8DF9C
201753MD1693-1,,DAE4F8-MD-F83234
202253MD1133-2,,94A3BE-MD-E806F3
202353MD1059-2,,808048-MD-E8643A
202253MD1652-3,,A3387B-MD-E8BC14
1453MD1434-2,,C5E2BD-MD-E85D05
202553CMD1138-1,B9B148-MC-F84BEE,B9B148-MC-F84BEE
202553MD1956-1,,F054F8-MD-F80B4E
202553CMD1089-1,761302-MC-E87021,
202553MD1420-1,,D4016D-MD-E8567F
1453MD1489-1,,73FE0B-MD-E8BFC9
202253CMD1069-1,5A6346-MC-E89308,5A6346-MC-E89308
202453MD1590-1,,C1CB82-MD-E8022F
202253MD1395-2,,93C24C-MD-E8D25A
1353MD1325-2,,F75496-MD-E86987
1453MD1348-1,,67E16D-MD-E86836
1453MD1727-2,,F644F8-MD-F85727
201753MD1495-1,,DAE2BD-MD-E81D66
202253CMD1090-2,3996E2-MC-E88E6B,
1353MD1258-1,,D70399-MD-F888CE
202153MD1280-2,,1CD4F8-MD-F84CAE
1253MD1336-1,,25F4A9-MD-E8A897
201653MD1928-1,,F14DBC-MD-E8654D
201953CMD1053-1,8E9346-MC-E88319,8E9346-MC-E88319
202553MD1301-1,,4D2048-MD-E8AC6C
1453MD1636-2,,F6C24C-MD-E8BDE9
202053MD1121-2,,7C25CB-MD-E87F0C
202353MD1511-1,,C1C24C-MD-E850F8
202053MD1544-2,,38CBC9-MD-F85CBB
202153MD1202-1,,D7A34C-MD-E8057B
1053MD1099-2,,C8A24C-MD-E8E88E
202453MD1310-2,,C1D24C-MD-E8F03D
202453MD1248-2,,1524F8-MD-F8A1B7
201553MD1382-2,,219429-MD-F89334
1053MD1072-1,,83A2BD-MD-E86A75
202453MD1595-1,,B1524C-MD-E88239
202153MD1362-2,,A5C5CB-MD-E87D8C
201653MD1277-1,,6B4616-MD-E8D698
202453MD1780-1,,6C9A89-MD-F81830
202053MD1563-2,,497CAB-MD-E83C5D
201953MD1565-2,,53624C-MD-E8FD27
202053MD1009-2,,F9B24C-MD-E80BE3
201853CMD1021-1,8B8346-MC-E852CD,8B8346-MC-E852CD
202153CMD1143-1,6B4A89-MC-F8EDA8,
202253MD1749-2,,CF516D-MD-E8897B
1453MD1139-2,,DA72BD-MD-E89F01
202253MD1476-1,,FCD4A9-MD-E8CBBA
202553MD1202-1,,084B82-MD-E89D87
201853MD1629-1,,566167-MD-F885F6
202253MD1204-2,,6103BE-MD-E87BB0
201753MD1299-1,,C092BD-MD-E8DA43
202653MD1382-1,,D8B34C-MD-E84F2A
202353MD1431-1,,AD924C-MD-E860E8
201853MD1196-1,,621C46-MD-E8EEEB
201753MD1058-2,,9F5DBC-MD-E87A48
202553CMD1016-2,C75EAD-MC-E8BF88,
202053CMD1084-2,CD6406-MC-E8C4DC,
201553MD1055-2,,3C82CA-MD-F8709B
201653MD1698-2,,26324C-MD-E8C9DA
1453MD1004-1,,CB924C-MD-E86D35
201553MD1643-1,,EA4C46-MD-E81301
202053MD1591-2,,5402BD-MD-E83344
1253MD1336-1,,4514F8-MD-F8C9EB
201953MD1486-1,,3B224C-MD-E8FED9
201753MD1291-2,,2D3A4A-MD-F8796B
5b383604-8527-41ff-9996-0fa386f62760,complete,RegenerationMELADem53(C)
201753CMD1011-2,D37A69-MC-E835AA,
202353CMD1033-2,3B7A1C-MC-F80EE9,
202453MD1149-1,,5BC4F8-MD-F8D9C8
202353CMD1060-1,A5FEAD-MC-E8F899,
201653MD1222-1,,3014F8-MD-F85480
202553MD1250-1,,1942BD-MD-E85BE4
202253MD1667-1,,07A24C-MD-E825ED
202253MD1500-2,,14B5CB-MD-E82D30
202153MD1166-1,,8004A9-MD-E8A3F6
202153MD1791-1,,6455CB-MD-E80AD3
202553MD1709-1,,FB724C-MD-E8A469
202053MD1518-2,,A022BD-MD-E8864A
202353MD1203-1,,7C43BE-MD-E895D3
201653MD1138-2,,2FE6CB-MD-E89A7A
1253MD1107-2,,AAFDBC-MD-E85EE3
202253MD1198-2,,6F9CAB-MD-E8A2BB
202553MD1748-1,,0FB048-MD-E8D3E8
202653MD1086-1,,5A524C-MD-E83839
202153MD1360-3,,15D8BD-MD-E88679
202353MD1829-2,,C99048-MD-E80A7C
202053MD1647-1,,FD3DBC-MD-E8BF37
202453MD1669-2,,D255CB-MD-E88422
202353MD1074-1,,CB82BD-MD-E8232A
201653MD1463-1,,ABFDBC-MD-E8472C
1453MD1109-1,,FE14F8-MD-F882C7
202253MD1081-1,,9A016D-MD-E88928
202353CMD1147-1,664A69-MC-E8A554,
1153MD1182-2,,95E24C-MD-E848D1
202253MD1869-2,,90A2BD-MD-E84F12
202453MD1553-1,,0483BE-MD-E80028
201853MD1555-1,,EE72BD-MD-E8B4DA
201553MD1321-1,,98E2BD-MD-E84BD1
1253MD1117-1,,0E4FAC-MD-F89953
201953MD1050-2,,A5B2BD-MD-E8CB4A
202353CMD1155-2,EA3A69-MC-E89A09,EA3A69-MC-E89A09
201853MD1488-1,,FBF2BD-MD-E82877
201853MD1601-2,,48D34C-MD-E87A32
202553CMD1081-1,67D596-MC-E8B108,
202553CMD1118-1,6AB596-MC-E875AB,
201753MD1655-2,,1176D9-MD-F87570
201553MD1516-2,,E05048-MD-E8F10B
202353MD1043-1,,B933BE-MD-E80D5C
202253MD1476-1,,F594F8-MD-F8D039
202653MD1040-2,,5983CA-MD-F805F8
201753MD1352-1,,9E834C-MD-E81578
202553MD1674-2,,50834C-MD-E83E10
202253MD1546-1,,9162BD-MD-E81A11
201653MD1697-1,,612F5C-MD-F82C48